task,playerCount,strong,weak,Low,Medium,High,Conceptual-Behavioral,Type 1 (Planning),Type 2 (Generate),Type 5 (Cognitive Conflict),Type 7 (Battle),Type 8 (Performance),Divisible-Unitary,Maximizing,Optimizing,Outcome Multiplicity,Solution Scheme Multiplicity,Decision Verifiability,Shared Knowledge,Within-System Solution,Answer Recognizability,Time Solvability,Type 3 and Type 4 (Objective Correctness),Conflicting Tradeoffs,Solution Scheme Outcome Uncertainty,Eureka Question,Intellectual-Manipulative,Intellective-Judgmental,Creativity Input,Type 6 (Mixed-Motive),wave
Allocating Resources,3,0.7033048054849464,1.2282629775680391,1,0,0,0,0.44000000000000006,0.36,1,0.04,0,0.24,0.16,0.15999999999999998,0,0.03999999999999999,0.03999999999999999,0.03999999999999999,0.6956521739130435,0.08695652173913046,0.16666666666666666,0.08000000000000002,0.96,0.36,0,0.036,0.196,0.48,0,1
Allocating Resources,6,0.5924926296019454,1.1638661939263142,1,0,0,0,0.44000000000000006,0.36,1,0.04,0,0.24,0.16,0.15999999999999998,0,0.03999999999999999,0.03999999999999999,0.03999999999999999,0.6956521739130435,0.08695652173913046,0.16666666666666666,0.08000000000000002,0.96,0.36,0,0.036,0.196,0.48,0,1
Allocating Resources,3,0.7786720694291456,1.4220910138248843,0,1,0,0,0.44000000000000006,0.36,1,0.04,0,0.24,0.16,0.15999999999999998,0,0.03999999999999999,0.03999999999999999,0.03999999999999999,0.6956521739130435,0.08695652173913046,0.16666666666666666,0.08000000000000002,0.96,0.36,0,0.036,0.196,0.48,0,1
Allocating Resources,6,0.5177999359079735,1.0989010989010985,0,1,0,0,0.44000000000000006,0.36,1,0.04,0,0.24,0.16,0.15999999999999998,0,0.03999999999999999,0.03999999999999999,0.03999999999999999,0.6956521739130435,0.08695652173913046,0.16666666666666666,0.08000000000000002,0.96,0.36,0,0.036,0.196,0.48,0,1
Allocating Resources,3,0.7802684209684303,1.2196512025532888,0,0,1,0,0.44000000000000006,0.36,1,0.04,0,0.24,0.16,0.15999999999999998,0,0.03999999999999999,0.03999999999999999,0.03999999999999999,0.6956521739130435,0.08695652173913046,0.16666666666666666,0.08000000000000002,0.96,0.36,0,0.036,0.196,0.48,0,1
Allocating Resources,6,0.6544881717391159,1.1144332699103021,0,0,1,0,0.44000000000000006,0.36,1,0.04,0,0.24,0.16,0.15999999999999998,0,0.03999999999999999,0.03999999999999999,0.03999999999999999,0.6956521739130435,0.08695652173913046,0.16666666666666666,0.08000000000000002,0.96,0.36,0,0.036,0.196,0.48,0,1
Divergent Association,3,0.973180857723818,1.188184576673135,1,0,0,0,0.125,0.7916666666666666,0.04166666666666666,0.20833333333333337,0.08695652173913045,0.22727272727272724,0.5833333333333334,0.33333333333333337,0.20833333333333337,0.20833333333333331,0.6666666666666666,0.45833333333333337,0.7391304347826086,0.5217391304347826,0.5652173913043479,0.375,0.20833333333333331,1,0,0.0375,0.4666666666666667,0.7583333333333333,0,1
Divergent Association,6,0.8950293134156709,1.1286250025138092,1,0,0,0,0.125,0.7916666666666666,0.04166666666666666,0.20833333333333337,0.08695652173913045,0.22727272727272724,0.5833333333333334,0.33333333333333337,0.20833333333333337,0.20833333333333331,0.6666666666666666,0.45833333333333337,0.7391304347826086,0.5217391304347826,0.5652173913043479,0.375,0.20833333333333331,1,0,0.0375,0.4666666666666667,0.7583333333333333,0,1
Divergent Association,3,0.9988199565185537,1.1653344435769866,0,1,0,0,0.125,0.7916666666666666,0.04166666666666666,0.20833333333333337,0.08695652173913045,0.22727272727272724,0.5833333333333334,0.33333333333333337,0.20833333333333337,0.20833333333333331,0.6666666666666666,0.45833333333333337,0.7391304347826086,0.5217391304347826,0.5652173913043479,0.375,0.20833333333333331,1,0,0.0375,0.4666666666666667,0.7583333333333333,0,1
Divergent Association,6,0.9902098471776409,1.184648777979572,0,1,0,0,0.125,0.7916666666666666,0.04166666666666666,0.20833333333333337,0.08695652173913045,0.22727272727272724,0.5833333333333334,0.33333333333333337,0.20833333333333337,0.20833333333333331,0.6666666666666666,0.45833333333333337,0.7391304347826086,0.5217391304347826,0.5652173913043479,0.375,0.20833333333333331,1,0,0.0375,0.4666666666666667,0.7583333333333333,0,1
Divergent Association,3,0.997851229567418,1.1888503214974502,0,0,1,0,0.125,0.7916666666666666,0.04166666666666666,0.20833333333333337,0.08695652173913045,0.22727272727272724,0.5833333333333334,0.33333333333333337,0.20833333333333337,0.20833333333333331,0.6666666666666666,0.45833333333333337,0.7391304347826086,0.5217391304347826,0.5652173913043479,0.375,0.20833333333333331,1,0,0.0375,0.4666666666666667,0.7583333333333333,0,1
Divergent Association,6,1.007015428484322,1.2223756628365057,0,0,1,0,0.125,0.7916666666666666,0.04166666666666666,0.20833333333333337,0.08695652173913045,0.22727272727272724,0.5833333333333334,0.33333333333333337,0.20833333333333337,0.20833333333333331,0.6666666666666666,0.45833333333333337,0.7391304347826086,0.5217391304347826,0.5652173913043479,0.375,0.20833333333333331,1,0,0.0375,0.4666666666666667,0.7583333333333333,0,1
Guess the Correlation,3,0.9660110385515345,1.3561497326203207,1,0,0,0,0.03846153846153848,0,0.07692307692307693,0.19230769230769232,0,0.12,0.4615384615384615,0.8461538461538461,0.9230769230769232,0.6538461538461539,0.9615384615384616,0.9615384615384616,0.9615384615384616,0.7307692307692307,1,1,0.03846153846153848,0.6538461538461539,0.11538461538461536,0.01153846153846153,0.9730769230769232,0.14615384615384616,0,1
Guess the Correlation,6,0.9487329862599596,1.4591630591630593,1,0,0,0,0.03846153846153848,0,0.07692307692307693,0.19230769230769232,0,0.12,0.4615384615384615,0.8461538461538461,0.9230769230769232,0.6538461538461539,0.9615384615384616,0.9615384615384616,0.9615384615384616,0.7307692307692307,1,1,0.03846153846153848,0.6538461538461539,0.11538461538461536,0.01153846153846153,0.9730769230769232,0.14615384615384616,0,1
Guess the Correlation,3,0.7388547989393351,1.03167991038611,0,1,0,0,0.03846153846153848,0,0.07692307692307693,0.19230769230769232,0,0.12,0.4615384615384615,0.8461538461538461,0.9230769230769232,0.6538461538461539,0.9615384615384616,0.9615384615384616,0.9615384615384616,0.7307692307692307,1,1,0.03846153846153848,0.6538461538461539,0.11538461538461536,0.01153846153846153,0.9730769230769232,0.14615384615384616,0,1
Guess the Correlation,6,0.6643665120005976,1.0383409428461414,0,1,0,0,0.03846153846153848,0,0.07692307692307693,0.19230769230769232,0,0.12,0.4615384615384615,0.8461538461538461,0.9230769230769232,0.6538461538461539,0.9615384615384616,0.9615384615384616,0.9615384615384616,0.7307692307692307,1,1,0.03846153846153848,0.6538461538461539,0.11538461538461536,0.01153846153846153,0.9730769230769232,0.14615384615384616,0,1
Guess the Correlation,3,0.9204144727180245,1.271275756523934,0,0,1,0,0.03846153846153848,0,0.07692307692307693,0.19230769230769232,0,0.12,0.4615384615384615,0.8461538461538461,0.9230769230769232,0.6538461538461539,0.9615384615384616,0.9615384615384616,0.9615384615384616,0.7307692307692307,1,1,0.03846153846153848,0.6538461538461539,0.11538461538461536,0.01153846153846153,0.9730769230769232,0.14615384615384616,0,1
Guess the Correlation,6,0.8959889880945521,1.3698947124840912,0,0,1,0,0.03846153846153848,0,0.07692307692307693,0.19230769230769232,0,0.12,0.4615384615384615,0.8461538461538461,0.9230769230769232,0.6538461538461539,0.9615384615384616,0.9615384615384616,0.9615384615384616,0.7307692307692307,1,1,0.03846153846153848,0.6538461538461539,0.11538461538461536,0.01153846153846153,0.9730769230769232,0.14615384615384616,0,1
Logic Problem,3,0.9884263358479249,1.228587130646274,1,0,0,0,0.2692307692307693,0.15384615384615383,0.11538461538461536,0.23076923076923073,0.1538461538461539,0.2692307692307692,0.5769230769230769,0.7692307692307693,0.9615384615384616,0.3076923076923077,0.9230769230769232,0.8846153846153846,1,0.9230769230769232,0.9615384615384616,0.9615384615384616,0.38461538461538464,0.6923076923076923,0.3076923076923077,0.02692307692307692,0.9615384615384616,0.2,0,2
Logic Problem,6,0.9604226730165404,1.2329060698541878,1,0,0,0,0.2692307692307693,0.15384615384615383,0.11538461538461536,0.23076923076923073,0.1538461538461539,0.2692307692307692,0.5769230769230769,0.7692307692307693,0.9615384615384616,0.3076923076923077,0.9230769230769232,0.8846153846153846,1,0.9230769230769232,0.9615384615384616,0.9615384615384616,0.38461538461538464,0.6923076923076923,0.3076923076923077,0.02692307692307692,0.9615384615384616,0.2,0,2
Logic Problem,3,0.9701127312530234,1.2186041100074172,0,1,0,0,0.2692307692307693,0.15384615384615383,0.11538461538461536,0.23076923076923073,0.1538461538461539,0.2692307692307692,0.5769230769230769,0.7692307692307693,0.9615384615384616,0.3076923076923077,0.9230769230769232,0.8846153846153846,1,0.9230769230769232,0.9615384615384616,0.9615384615384616,0.38461538461538464,0.6923076923076923,0.3076923076923077,0.02692307692307692,0.9615384615384616,0.2,0,2
Logic Problem,6,0.8949479726853689,1.2052298608182204,0,1,0,0,0.2692307692307693,0.15384615384615383,0.11538461538461536,0.23076923076923073,0.1538461538461539,0.2692307692307692,0.5769230769230769,0.7692307692307693,0.9615384615384616,0.3076923076923077,0.9230769230769232,0.8846153846153846,1,0.9230769230769232,0.9615384615384616,0.9615384615384616,0.38461538461538464,0.6923076923076923,0.3076923076923077,0.02692307692307692,0.9615384615384616,0.2,0,2
Logic Problem,3,0.9469478782715862,1.2358306945937307,0,0,1,0,0.2692307692307693,0.15384615384615383,0.11538461538461536,0.23076923076923073,0.1538461538461539,0.2692307692307692,0.5769230769230769,0.7692307692307693,0.9615384615384616,0.3076923076923077,0.9230769230769232,0.8846153846153846,1,0.9230769230769232,0.9615384615384616,0.9615384615384616,0.38461538461538464,0.6923076923076923,0.3076923076923077,0.02692307692307692,0.9615384615384616,0.2,0,2
Logic Problem,6,0.8677060145371053,1.2555686604886265,0,0,1,0,0.2692307692307693,0.15384615384615383,0.11538461538461536,0.23076923076923073,0.1538461538461539,0.2692307692307692,0.5769230769230769,0.7692307692307693,0.9615384615384616,0.3076923076923077,0.9230769230769232,0.8846153846153846,1,0.9230769230769232,0.9615384615384616,0.9615384615384616,0.38461538461538464,0.6923076923076923,0.3076923076923077,0.02692307692307692,0.9615384615384616,0.2,0,2
Moral Reasoning,3,0.72073301596433,1.0267505900865457,1,0,0,0,0.12,0.24,0.88,0,0.16,0.16666666666666669,0,0.08,0.04,0.07999999999999999,0,0,0.84,0.08,0.125,0.03999999999999999,1,0.5714285714285714,0,0.012,0.108,0.404,0,1
Moral Reasoning,6,0.7618210575995088,1.1757348342714193,1,0,0,0,0.12,0.24,0.88,0,0.16,0.16666666666666669,0,0.08,0.04,0.07999999999999999,0,0,0.84,0.08,0.125,0.03999999999999999,1,0.5714285714285714,0,0.012,0.108,0.404,0,1
Moral Reasoning,3,0.5892668146433514,0.815428273585452,0,1,0,0,0.12,0.24,0.88,0,0.16,0.16666666666666669,0,0.08,0.04,0.07999999999999999,0,0,0.84,0.08,0.125,0.03999999999999999,1,0.5714285714285714,0,0.012,0.108,0.404,0,1
Moral Reasoning,6,0.7255883007207679,1.0854445109382274,0,1,0,0,0.12,0.24,0.88,0,0.16,0.16666666666666669,0,0.08,0.04,0.07999999999999999,0,0,0.84,0.08,0.125,0.03999999999999999,1,0.5714285714285714,0,0.012,0.108,0.404,0,1
Moral Reasoning,3,0.6658878323447299,0.9740027428298846,0,0,1,0,0.12,0.24,0.88,0,0.16,0.16666666666666669,0,0.08,0.04,0.07999999999999999,0,0,0.84,0.08,0.125,0.03999999999999999,1,0.5714285714285714,0,0.012,0.108,0.404,0,1
Moral Reasoning,6,0.6755680586421532,1.072088724584103,0,0,1,0,0.12,0.24,0.88,0,0.16,0.16666666666666669,0,0.08,0.04,0.07999999999999999,0,0,0.84,0.08,0.125,0.03999999999999999,1,0.5714285714285714,0,0.012,0.108,0.404,0,1
Putting Food Into Categories,3,1.1429716461276425,1.719626168224299,1,0,0,0,0.08,1,0.12,0.31999999999999995,0.08000000000000002,0.56,1,0,0.04,0,0.5416666666666667,0.24,0.9166666666666666,0.45833333333333337,0.34782608695652173,0.31999999999999995,0.16,0.4,0.04166666666666668,0.052,0.304,0.952,0,3
Putting Food Into Categories,6,1.606874943928007,2.8528037383177565,1,0,0,0,0.08,1,0.12,0.31999999999999995,0.08000000000000002,0.56,1,0,0.04,0,0.5416666666666667,0.24,0.9166666666666666,0.45833333333333337,0.34782608695652173,0.31999999999999995,0.16,0.4,0.04166666666666668,0.052,0.304,0.952,0,3
Putting Food Into Categories,3,0.9701224484762156,1.399097356544165,0,1,0,0,0.08,1,0.12,0.31999999999999995,0.08000000000000002,0.56,1,0,0.04,0,0.5416666666666667,0.24,0.9166666666666666,0.45833333333333337,0.34782608695652173,0.31999999999999995,0.16,0.4,0.04166666666666668,0.052,0.304,0.952,0,3
Putting Food Into Categories,6,1.6590797244094488,2.767857142857143,0,1,0,0,0.08,1,0.12,0.31999999999999995,0.08000000000000002,0.56,1,0,0.04,0,0.5416666666666667,0.24,0.9166666666666666,0.45833333333333337,0.34782608695652173,0.31999999999999995,0.16,0.4,0.04166666666666668,0.052,0.304,0.952,0,3
Putting Food Into Categories,3,1.0652368185880248,1.6931818181818183,0,0,1,0,0.08,1,0.12,0.31999999999999995,0.08000000000000002,0.56,1,0,0.04,0,0.5416666666666667,0.24,0.9166666666666666,0.45833333333333337,0.34782608695652173,0.31999999999999995,0.16,0.4,0.04166666666666668,0.052,0.304,0.952,0,3
Putting Food Into Categories,6,1.5343744903311691,2.9464285714285716,0,0,1,0,0.08,1,0.12,0.31999999999999995,0.08000000000000002,0.56,1,0,0.04,0,0.5416666666666667,0.24,0.9166666666666666,0.45833333333333337,0.34782608695652173,0.31999999999999995,0.16,0.4,0.04166666666666668,0.052,0.304,0.952,0,3
Random Dot Motion,3,0.9478187063624329,1.0182345988447086,1,0,0,0.04166666666666667,0,0.08333333333333333,0.04166666666666667,0.375,0.08333333333333334,0,0.5833333333333333,0.8333333333333334,0.9166666666666666,0.7916666666666666,0.9583333333333334,0.9166666666666669,0.9166666666666669,0.7916666666666666,0.875,1,0.20833333333333337,0.7916666666666667,0.08695652173913045,0.14583333333333334,0.9666666666666668,0.02916666666666666,0,2
Random Dot Motion,6,0.9563608885270365,1.0409981529901784,1,0,0,0.04166666666666667,0,0.08333333333333333,0.04166666666666667,0.375,0.08333333333333334,0,0.5833333333333333,0.8333333333333334,0.9166666666666666,0.7916666666666666,0.9583333333333334,0.9166666666666669,0.9166666666666669,0.7916666666666666,0.875,1,0.20833333333333337,0.7916666666666667,0.08695652173913045,0.14583333333333334,0.9666666666666668,0.02916666666666666,0,2
Random Dot Motion,3,0.6729665596669916,1.2044525800246362,0,1,0,0.04166666666666667,0,0.08333333333333333,0.04166666666666667,0.375,0.08333333333333334,0,0.5833333333333333,0.8333333333333334,0.9166666666666666,0.7916666666666666,0.9583333333333334,0.9166666666666669,0.9166666666666669,0.7916666666666666,0.875,1,0.20833333333333337,0.7916666666666667,0.08695652173913045,0.14583333333333334,0.9666666666666668,0.02916666666666666,0,2
Random Dot Motion,6,0.29784391140649236,0.708150871892697,0,1,0,0.04166666666666667,0,0.08333333333333333,0.04166666666666667,0.375,0.08333333333333334,0,0.5833333333333333,0.8333333333333334,0.9166666666666666,0.7916666666666666,0.9583333333333334,0.9166666666666669,0.9166666666666669,0.7916666666666666,0.875,1,0.20833333333333337,0.7916666666666667,0.08695652173913045,0.14583333333333334,0.9666666666666668,0.02916666666666666,0,2
Random Dot Motion,3,0.8155845213699855,1.01015917298106,0,0,1,0.04166666666666667,0,0.08333333333333333,0.04166666666666667,0.375,0.08333333333333334,0,0.5833333333333333,0.8333333333333334,0.9166666666666666,0.7916666666666666,0.9583333333333334,0.9166666666666669,0.9166666666666669,0.7916666666666666,0.875,1,0.20833333333333337,0.7916666666666667,0.08695652173913045,0.14583333333333334,0.9666666666666668,0.02916666666666666,0,2
Random Dot Motion,6,0.7239665803711332,0.9877431653397833,0,0,1,0.04166666666666667,0,0.08333333333333333,0.04166666666666667,0.375,0.08333333333333334,0,0.5833333333333333,0.8333333333333334,0.9166666666666666,0.7916666666666666,0.9583333333333334,0.9166666666666669,0.9166666666666669,0.7916666666666666,0.875,1,0.20833333333333337,0.7916666666666667,0.08695652173913045,0.14583333333333334,0.9666666666666668,0.02916666666666666,0,2
Recall Association,3,1.3245337439808365,2.3146186440677976,1,0,0,0,0.0909090909090909,0.0909090909090909,0.04545454545454547,0.0909090909090909,0.1363636363636364,0.5555555555555556,0.8181818181818181,0.5,0.8181818181818182,0.5,1,0.8571428571428571,1,1,1,1,0.0909090909090909,0.5454545454545454,0.10000000000000002,0.03636363636363636,1,0.17272727272727273,0,3
Recall Association,6,1.2115378846748321,2.785373789346248,1,0,0,0,0.0909090909090909,0.0909090909090909,0.04545454545454547,0.0909090909090909,0.1363636363636364,0.5555555555555556,0.8181818181818181,0.5,0.8181818181818182,0.5,1,0.8571428571428571,1,1,1,1,0.0909090909090909,0.5454545454545454,0.10000000000000002,0.03636363636363636,1,0.17272727272727273,0,3
Recall Association,3,1.5000806081575453,2.5536649214659684,0,1,0,0,0.0909090909090909,0.0909090909090909,0.04545454545454547,0.0909090909090909,0.1363636363636364,0.5555555555555556,0.8181818181818181,0.5,0.8181818181818182,0.5,1,0.8571428571428571,1,1,1,1,0.0909090909090909,0.5454545454545454,0.10000000000000002,0.03636363636363636,1,0.17272727272727273,0,3
Recall Association,6,1.4601958277536344,3.0035059835452502,0,1,0,0,0.0909090909090909,0.0909090909090909,0.04545454545454547,0.0909090909090909,0.1363636363636364,0.5555555555555556,0.8181818181818181,0.5,0.8181818181818182,0.5,1,0.8571428571428571,1,1,1,1,0.0909090909090909,0.5454545454545454,0.10000000000000002,0.03636363636363636,1,0.17272727272727273,0,3
Recall Association,3,1.4167518704253697,2.4893917963224896,0,0,1,0,0.0909090909090909,0.0909090909090909,0.04545454545454547,0.0909090909090909,0.1363636363636364,0.5555555555555556,0.8181818181818181,0.5,0.8181818181818182,0.5,1,0.8571428571428571,1,1,1,1,0.0909090909090909,0.5454545454545454,0.10000000000000002,0.03636363636363636,1,0.17272727272727273,0,3
Recall Association,6,1.510027745031219,3.1739745403111743,0,0,1,0,0.0909090909090909,0.0909090909090909,0.04545454545454547,0.0909090909090909,0.1363636363636364,0.5555555555555556,0.8181818181818181,0.5,0.8181818181818182,0.5,1,0.8571428571428571,1,1,1,1,0.0909090909090909,0.5454545454545454,0.10000000000000002,0.03636363636363636,1,0.17272727272727273,0,3
Recall Word Lists,3,0.9486445392552213,1.4412453967191157,1,0,0,0.04166666666666667,0.04166666666666666,0.04166666666666668,0,0.08333333333333333,0.04347826086956523,0.6818181818181819,0.8333333333333334,0.75,0.875,0.6666666666666666,0.9166666666666666,0.75,0.9583333333333334,0.7727272727272727,0.875,0.9583333333333334,0,0.7083333333333333,0,0.08333333333333334,0.9458333333333332,0.04166666666666666,0,2
Recall Word Lists,6,0.9913994923097302,1.57631067961165,1,0,0,0.04166666666666667,0.04166666666666666,0.04166666666666668,0,0.08333333333333333,0.04347826086956523,0.6818181818181819,0.8333333333333334,0.75,0.875,0.6666666666666666,0.9166666666666666,0.75,0.9583333333333334,0.7727272727272727,0.875,0.9583333333333334,0,0.7083333333333333,0,0.08333333333333334,0.9458333333333332,0.04166666666666666,0,2
Recall Word Lists,3,0.883613545918545,1.6431315286981925,0,1,0,0.04166666666666667,0.04166666666666666,0.04166666666666668,0,0.08333333333333333,0.04347826086956523,0.6818181818181819,0.8333333333333334,0.75,0.875,0.6666666666666666,0.9166666666666666,0.75,0.9583333333333334,0.7727272727272727,0.875,0.9583333333333334,0,0.7083333333333333,0,0.08333333333333334,0.9458333333333332,0.04166666666666666,0,2
Recall Word Lists,6,0.8172332491054477,1.8333811074918578,0,1,0,0.04166666666666667,0.04166666666666666,0.04166666666666668,0,0.08333333333333333,0.04347826086956523,0.6818181818181819,0.8333333333333334,0.75,0.875,0.6666666666666666,0.9166666666666666,0.75,0.9583333333333334,0.7727272727272727,0.875,0.9583333333333334,0,0.7083333333333333,0,0.08333333333333334,0.9458333333333332,0.04166666666666666,0,2
Recall Word Lists,3,0.892847455587444,1.660535319954378,0,0,1,0.04166666666666667,0.04166666666666666,0.04166666666666668,0,0.08333333333333333,0.04347826086956523,0.6818181818181819,0.8333333333333334,0.75,0.875,0.6666666666666666,0.9166666666666666,0.75,0.9583333333333334,0.7727272727272727,0.875,0.9583333333333334,0,0.7083333333333333,0,0.08333333333333334,0.9458333333333332,0.04166666666666666,0,2
Recall Word Lists,6,0.8671573643998949,1.9896973961998579,0,0,1,0.04166666666666667,0.04166666666666666,0.04166666666666668,0,0.08333333333333333,0.04347826086956523,0.6818181818181819,0.8333333333333334,0.75,0.875,0.6666666666666666,0.9166666666666666,0.75,0.9583333333333334,0.7727272727272727,0.875,0.9583333333333334,0,0.7083333333333333,0,0.08333333333333334,0.9458333333333332,0.04166666666666666,0,2
Room Assignment,3,0.8998276078930428,1.1166208447888029,1,0,0,0,0.375,0.125,0.13043478260869565,0.25,0.125,0.08695652173913046,0.5416666666666666,0.7083333333333333,0.875,0.375,0.9583333333333334,0.9166666666666666,0.9166666666666669,0.875,0.9583333333333334,0.9583333333333334,0.7916666666666666,0.875,0.125,0.05,0.9708333333333332,0.325,0,1
Room Assignment,6,0.9500307974811271,1.2043378044377797,1,0,0,0,0.375,0.125,0.13043478260869565,0.25,0.125,0.08695652173913046,0.5416666666666666,0.7083333333333333,0.875,0.375,0.9583333333333334,0.9166666666666666,0.9166666666666669,0.875,0.9583333333333334,0.9583333333333334,0.7916666666666666,0.875,0.125,0.05,0.9708333333333332,0.325,0,1
Room Assignment,3,0.8795720141257692,1.1570280647587385,0,1,0,0,0.375,0.125,0.13043478260869565,0.25,0.125,0.08695652173913046,0.5416666666666666,0.7083333333333333,0.875,0.375,0.9583333333333334,0.9166666666666666,0.9166666666666669,0.875,0.9583333333333334,0.9583333333333334,0.7916666666666666,0.875,0.125,0.05,0.9708333333333332,0.325,0,1
Room Assignment,6,0.9048655968607805,1.2402122266350588,0,1,0,0,0.375,0.125,0.13043478260869565,0.25,0.125,0.08695652173913046,0.5416666666666666,0.7083333333333333,0.875,0.375,0.9583333333333334,0.9166666666666666,0.9166666666666669,0.875,0.9583333333333334,0.9583333333333334,0.7916666666666666,0.875,0.125,0.05,0.9708333333333332,0.325,0,1
Room Assignment,3,0.9207027195607899,1.3532783667059285,0,0,1,0,0.375,0.125,0.13043478260869565,0.25,0.125,0.08695652173913046,0.5416666666666666,0.7083333333333333,0.875,0.375,0.9583333333333334,0.9166666666666666,0.9166666666666669,0.875,0.9583333333333334,0.9583333333333334,0.7916666666666666,0.875,0.125,0.05,0.9708333333333332,0.325,0,1
Room Assignment,6,0.8741797503686101,1.425060710494554,0,0,1,0,0.375,0.125,0.13043478260869565,0.25,0.125,0.08695652173913046,0.5416666666666666,0.7083333333333333,0.875,0.375,0.9583333333333334,0.9166666666666666,0.9166666666666669,0.875,0.9583333333333334,0.9583333333333334,0.7916666666666666,0.875,0.125,0.05,0.9708333333333332,0.325,0,1
Sudoku,3,0.9621848775332832,1.058253042596349,1,0,0,0.04545454545454546,0.13636363636363635,0.13636363636363635,0.0909090909090909,0.22727272727272724,0.9545454545454546,0.2727272727272727,0.2727272727272727,0.9090909090909092,0.9545454545454546,0.6363636363636365,1,1,1,1,1,1,0.1818181818181818,0.04545454545454546,0.2272727272727273,0.07727272727272728,0.990909090909091,0.18181818181818185,0,1
Sudoku,6,1.0000100552756552,1.1029411764705883,1,0,0,0.04545454545454546,0.13636363636363635,0.13636363636363635,0.0909090909090909,0.22727272727272724,0.9545454545454546,0.2727272727272727,0.2727272727272727,0.9090909090909092,0.9545454545454546,0.6363636363636365,1,1,1,1,1,1,0.1818181818181818,0.04545454545454546,0.2272727272727273,0.07727272727272728,0.990909090909091,0.18181818181818185,0,1
Sudoku,3,0.9393510171280794,1.1329942404069115,0,1,0,0.04545454545454546,0.13636363636363635,0.13636363636363635,0.0909090909090909,0.22727272727272724,0.9545454545454546,0.2727272727272727,0.2727272727272727,0.9090909090909092,0.9545454545454546,0.6363636363636365,1,1,1,1,1,1,0.1818181818181818,0.04545454545454546,0.2272727272727273,0.07727272727272728,0.990909090909091,0.18181818181818185,0,1
Sudoku,6,0.8982255060883723,1.185827910339841,0,1,0,0.04545454545454546,0.13636363636363635,0.13636363636363635,0.0909090909090909,0.22727272727272724,0.9545454545454546,0.2727272727272727,0.2727272727272727,0.9090909090909092,0.9545454545454546,0.6363636363636365,1,1,1,1,1,1,0.1818181818181818,0.04545454545454546,0.2272727272727273,0.07727272727272728,0.990909090909091,0.18181818181818185,0,1
Sudoku,3,0.9133895839710795,1.0963547613610414,0,0,1,0.04545454545454546,0.13636363636363635,0.13636363636363635,0.0909090909090909,0.22727272727272724,0.9545454545454546,0.2727272727272727,0.2727272727272727,0.9090909090909092,0.9545454545454546,0.6363636363636365,1,1,1,1,1,1,0.1818181818181818,0.04545454545454546,0.2272727272727273,0.07727272727272728,0.990909090909091,0.18181818181818185,0,1
Sudoku,6,0.8200576020597311,1.0961644591611481,0,0,1,0.04545454545454546,0.13636363636363635,0.13636363636363635,0.0909090909090909,0.22727272727272724,0.9545454545454546,0.2727272727272727,0.2727272727272727,0.9090909090909092,0.9545454545454546,0.6363636363636365,1,1,1,1,1,1,0.1818181818181818,0.04545454545454546,0.2272727272727273,0.07727272727272728,0.990909090909091,0.18181818181818185,0,1
Typing,3,1.0591479490002342,1.6662543907386336,1,0,0,0.5,0.20833333333333331,0.04166666666666668,0,0.16666666666666669,0,0.7916666666666666,0.7916666666666667,0.875,0.9583333333333334,0.5416666666666666,1,0.7916666666666667,0.9565217391304348,1,0.9583333333333334,0.9583333333333334,0,0.26086956521739135,0.04545454545454546,0.5041666666666667,0.9625,0.0375,0,2
Typing,6,1.2792669231416296,2.3506456241033,1,0,0,0.5,0.20833333333333331,0.04166666666666668,0,0.16666666666666669,0,0.7916666666666666,0.7916666666666667,0.875,0.9583333333333334,0.5416666666666666,1,0.7916666666666667,0.9565217391304348,1,0.9583333333333334,0.9583333333333334,0,0.26086956521739135,0.04545454545454546,0.5041666666666667,0.9625,0.0375,0,2
Typing,3,1.0341380830972138,1.6408088422553866,0,1,0,0.5,0.20833333333333331,0.04166666666666668,0,0.16666666666666669,0,0.7916666666666666,0.7916666666666667,0.875,0.9583333333333334,0.5416666666666666,1,0.7916666666666667,0.9565217391304348,1,0.9583333333333334,0.9583333333333334,0,0.26086956521739135,0.04545454545454546,0.5041666666666667,0.9625,0.0375,0,2
Typing,6,1.1523088508690584,2.1406794682422454,0,1,0,0.5,0.20833333333333331,0.04166666666666668,0,0.16666666666666669,0,0.7916666666666666,0.7916666666666667,0.875,0.9583333333333334,0.5416666666666666,1,0.7916666666666667,0.9565217391304348,1,0.9583333333333334,0.9583333333333334,0,0.26086956521739135,0.04545454545454546,0.5041666666666667,0.9625,0.0375,0,2
Typing,3,1.1205386388862275,1.841496865203762,0,0,1,0.5,0.20833333333333331,0.04166666666666668,0,0.16666666666666669,0,0.7916666666666666,0.7916666666666667,0.875,0.9583333333333334,0.5416666666666666,1,0.7916666666666667,0.9565217391304348,1,0.9583333333333334,0.9583333333333334,0,0.26086956521739135,0.04545454545454546,0.5041666666666667,0.9625,0.0375,0,2
Typing,6,1.2559424434601663,2.4404545454545454,0,0,1,0.5,0.20833333333333331,0.04166666666666668,0,0.16666666666666669,0,0.7916666666666666,0.7916666666666667,0.875,0.9583333333333334,0.5416666666666666,1,0.7916666666666667,0.9565217391304348,1,0.9583333333333334,0.9583333333333334,0,0.26086956521739135,0.04545454545454546,0.5041666666666667,0.9625,0.0375,0,2
Unscramble Words,3,1.0599434748902767,1.5887082365552976,1,0,0,0,0.0909090909090909,0.2727272727272727,0.04545454545454546,0.1818181818181818,0.13636363636363638,0.9047619047619048,0.9090909090909092,0.5454545454545454,0.9545454545454546,0.4545454545454546,1,1,0.9545454545454546,1,1,1,0.04545454545454546,0.31818181818181823,0.1428571428571429,0.1318181818181818,0.9636363636363636,0.3,0,2
Unscramble Words,6,1.0043790070483134,1.6084974093264248,1,0,0,0,0.0909090909090909,0.2727272727272727,0.04545454545454546,0.1818181818181818,0.13636363636363638,0.9047619047619048,0.9090909090909092,0.5454545454545454,0.9545454545454546,0.4545454545454546,1,1,0.9545454545454546,1,1,1,0.04545454545454546,0.31818181818181823,0.1428571428571429,0.1318181818181818,0.9636363636363636,0.3,0,2
Unscramble Words,3,1.6277604879870533,2.942799188640972,0,1,0,0,0.0909090909090909,0.2727272727272727,0.04545454545454546,0.1818181818181818,0.13636363636363638,0.9047619047619048,0.9090909090909092,0.5454545454545454,0.9545454545454546,0.4545454545454546,1,1,0.9545454545454546,1,1,1,0.04545454545454546,0.31818181818181823,0.1428571428571429,0.1318181818181818,0.9636363636363636,0.3,0,2
Unscramble Words,6,1.50145780099559,3.413647058823528,0,1,0,0,0.0909090909090909,0.2727272727272727,0.04545454545454546,0.1818181818181818,0.13636363636363638,0.9047619047619048,0.9090909090909092,0.5454545454545454,0.9545454545454546,0.4545454545454546,1,1,0.9545454545454546,1,1,1,0.04545454545454546,0.31818181818181823,0.1428571428571429,0.1318181818181818,0.9636363636363636,0.3,0,2
Unscramble Words,3,1.2181277159368227,2.022535976106434,0,0,1,0,0.0909090909090909,0.2727272727272727,0.04545454545454546,0.1818181818181818,0.13636363636363638,0.9047619047619048,0.9090909090909092,0.5454545454545454,0.9545454545454546,0.4545454545454546,1,1,0.9545454545454546,1,1,1,0.04545454545454546,0.31818181818181823,0.1428571428571429,0.1318181818181818,0.9636363636363636,0.3,0,2
Unscramble Words,6,1.1826945794595087,2.3584251968503924,0,0,1,0,0.0909090909090909,0.2727272727272727,0.04545454545454546,0.1818181818181818,0.13636363636363638,0.9047619047619048,0.9090909090909092,0.5454545454545454,0.9545454545454546,0.4545454545454546,1,1,0.9545454545454546,1,1,1,0.04545454545454546,0.31818181818181823,0.1428571428571429,0.1318181818181818,0.9636363636363636,0.3,0,2
Whac a Mole,3,0.8861275199523171,1.5688830943068233,1,0,0,0.6363636363636364,0,0,0,0.28571428571428575,0.04545454545454546,0.3,0.9545454545454546,0.04545454545454545,0.22727272727272724,0.5909090909090909,0.3684210526315789,0.7272727272727273,0.7333333333333333,0.4444444444444444,0.42105263157894735,0.45000000000000007,0.3181818181818182,0.7727272727272727,0.04761904761904759,0.55,0.7181818181818181,0.08181818181818182,0,1
Whac a Mole,6,0.45696736933673904,1.0174147886012295,1,0,0,0.6363636363636364,0,0,0,0.28571428571428575,0.04545454545454546,0.3,0.9545454545454546,0.04545454545454545,0.22727272727272724,0.5909090909090909,0.3684210526315789,0.7272727272727273,0.7333333333333333,0.4444444444444444,0.42105263157894735,0.45000000000000007,0.3181818181818182,0.7727272727272727,0.04761904761904759,0.55,0.7181818181818181,0.08181818181818182,0,1
Whac a Mole,3,0.6129401180811271,1.092044697474411,0,1,0,0.6363636363636364,0,0,0,0.28571428571428575,0.04545454545454546,0.3,0.9545454545454546,0.04545454545454545,0.22727272727272724,0.5909090909090909,0.3684210526315789,0.7272727272727273,0.7333333333333333,0.4444444444444444,0.42105263157894735,0.45000000000000007,0.3181818181818182,0.7727272727272727,0.04761904761904759,0.55,0.7181818181818181,0.08181818181818182,0,1
Whac a Mole,6,0.2611898335094043,0.5878551827918916,0,1,0,0.6363636363636364,0,0,0,0.28571428571428575,0.04545454545454546,0.3,0.9545454545454546,0.04545454545454545,0.22727272727272724,0.5909090909090909,0.3684210526315789,0.7272727272727273,0.7333333333333333,0.4444444444444444,0.42105263157894735,0.45000000000000007,0.3181818181818182,0.7727272727272727,0.04761904761904759,0.55,0.7181818181818181,0.08181818181818182,0,1
Whac a Mole,3,0.6059686845883507,1.1263818344786376,0,0,1,0.6363636363636364,0,0,0,0.28571428571428575,0.04545454545454546,0.3,0.9545454545454546,0.04545454545454545,0.22727272727272724,0.5909090909090909,0.3684210526315789,0.7272727272727273,0.7333333333333333,0.4444444444444444,0.42105263157894735,0.45000000000000007,0.3181818181818182,0.7727272727272727,0.04761904761904759,0.55,0.7181818181818181,0.08181818181818182,0,1
Whac a Mole,6,0.33127489342756045,0.7804693066121211,0,0,1,0.6363636363636364,0,0,0,0.28571428571428575,0.04545454545454546,0.3,0.9545454545454546,0.04545454545454545,0.22727272727272724,0.5909090909090909,0.3684210526315789,0.7272727272727273,0.7333333333333333,0.4444444444444444,0.42105263157894735,0.45000000000000007,0.3181818181818182,0.7727272727272727,0.04761904761904759,0.55,0.7181818181818181,0.08181818181818182,0,1
WildCam,3,0.9560722279305757,1.367231638418079,1,0,0,0,0,0.08333333333333331,0,0,0,0.8333333333333334,0.9583333333333334,0.6521739130434783,0.7083333333333334,0.5416666666666667,0.9583333333333334,0.5416666666666666,0.9583333333333334,0.875,0.875,0.9583333333333334,0.04166666666666667,0.6666666666666666,0,0.06666666666666668,0.8833333333333333,0.15833333333333333,0,3
WildCam,6,0.8561241692058278,1.4049636803874093,1,0,0,0,0,0.08333333333333331,0,0,0,0.8333333333333334,0.9583333333333334,0.6521739130434783,0.7083333333333334,0.5416666666666667,0.9583333333333334,0.5416666666666666,0.9583333333333334,0.875,0.875,0.9583333333333334,0.04166666666666667,0.6666666666666666,0,0.06666666666666668,0.8833333333333333,0.15833333333333333,0,3
WildCam,3,0.9537737866153518,1.5360881542699727,0,1,0,0,0,0.08333333333333331,0,0,0,0.8333333333333334,0.9583333333333334,0.6521739130434783,0.7083333333333334,0.5416666666666667,0.9583333333333334,0.5416666666666666,0.9583333333333334,0.875,0.875,0.9583333333333334,0.04166666666666667,0.6666666666666666,0,0.06666666666666668,0.8833333333333333,0.15833333333333333,0,3
WildCam,6,0.8207540491389096,1.6227272727272728,0,1,0,0,0,0.08333333333333331,0,0,0,0.8333333333333334,0.9583333333333334,0.6521739130434783,0.7083333333333334,0.5416666666666667,0.9583333333333334,0.5416666666666666,0.9583333333333334,0.875,0.875,0.9583333333333334,0.04166666666666667,0.6666666666666666,0,0.06666666666666668,0.8833333333333333,0.15833333333333333,0,3
WildCam,3,0.8781939714970359,1.3457019171304885,0,0,1,0,0,0.08333333333333331,0,0,0,0.8333333333333334,0.9583333333333334,0.6521739130434783,0.7083333333333334,0.5416666666666667,0.9583333333333334,0.5416666666666666,0.9583333333333334,0.875,0.875,0.9583333333333334,0.04166666666666667,0.6666666666666666,0,0.06666666666666668,0.8833333333333333,0.15833333333333333,0,3
WildCam,6,0.8977409166498438,1.6190476190476188,0,0,1,0,0,0.08333333333333331,0,0,0,0.8333333333333334,0.9583333333333334,0.6521739130434783,0.7083333333333334,0.5416666666666667,0.9583333333333334,0.5416666666666666,0.9583333333333334,0.875,0.875,0.9583333333333334,0.04166666666666667,0.6666666666666666,0,0.06666666666666668,0.8833333333333333,0.15833333333333333,0,3
Wildcat Wells,3,0.6849533854055917,1.0025728987993139,1,0,0,0.125,0.16666666666666666,0.04166666666666668,0,0.33333333333333337,0.04347826086956523,0.4,0.9166666666666666,0.125,0.4347826086956522,0.47826086956521746,0.7391304347826086,0.5,0.6521739130434783,0.5833333333333334,0.6956521739130435,0.7916666666666667,0.17391304347826086,0.7083333333333333,0.08333333333333334,0.19166666666666665,0.7916666666666666,0.2125,0,3
Wildcat Wells,6,0.6482446646611688,1.126010781671159,1,0,0,0.125,0.16666666666666666,0.04166666666666668,0,0.33333333333333337,0.04347826086956523,0.4,0.9166666666666666,0.125,0.4347826086956522,0.47826086956521746,0.7391304347826086,0.5,0.6521739130434783,0.5833333333333334,0.6956521739130435,0.7916666666666667,0.17391304347826086,0.7083333333333333,0.08333333333333334,0.19166666666666665,0.7916666666666666,0.2125,0,3
Wildcat Wells,3,0.905369690557488,1.3138461538461539,0,1,0,0.125,0.16666666666666666,0.04166666666666668,0,0.33333333333333337,0.04347826086956523,0.4,0.9166666666666666,0.125,0.4347826086956522,0.47826086956521746,0.7391304347826086,0.5,0.6521739130434783,0.5833333333333334,0.6956521739130435,0.7916666666666667,0.17391304347826086,0.7083333333333333,0.08333333333333334,0.19166666666666665,0.7916666666666666,0.2125,0,3
Wildcat Wells,6,0.8405494224264648,1.417912087912088,0,1,0,0.125,0.16666666666666666,0.04166666666666668,0,0.33333333333333337,0.04347826086956523,0.4,0.9166666666666666,0.125,0.4347826086956522,0.47826086956521746,0.7391304347826086,0.5,0.6521739130434783,0.5833333333333334,0.6956521739130435,0.7916666666666667,0.17391304347826086,0.7083333333333333,0.08333333333333334,0.19166666666666665,0.7916666666666666,0.2125,0,3
Wildcat Wells,3,0.7541076285117585,1.1169354838709677,0,0,1,0.125,0.16666666666666666,0.04166666666666668,0,0.33333333333333337,0.04347826086956523,0.4,0.9166666666666666,0.125,0.4347826086956522,0.47826086956521746,0.7391304347826086,0.5,0.6521739130434783,0.5833333333333334,0.6956521739130435,0.7916666666666667,0.17391304347826086,0.7083333333333333,0.08333333333333334,0.19166666666666665,0.7916666666666666,0.2125,0,3
Wildcat Wells,6,0.645204118070959,1.140552995391705,0,0,1,0.125,0.16666666666666666,0.04166666666666668,0,0.33333333333333337,0.04347826086956523,0.4,0.9166666666666666,0.125,0.4347826086956522,0.47826086956521746,0.7391304347826086,0.5,0.6521739130434783,0.5833333333333334,0.6956521739130435,0.7916666666666667,0.17391304347826086,0.7083333333333333,0.08333333333333334,0.19166666666666665,0.7916666666666666,0.2125,0,3
Wolf Goat Cabbage,3,0.8089222734853111,1.6646184957610641,1,0,0,0,0.75,0.33333333333333337,0.08333333333333333,0.20833333333333331,0.75,0.08695652173913046,0.375,0.7916666666666666,0.625,0.41666666666666663,1,0.875,1,1,0.9583333333333334,1,0.33333333333333337,0.20833333333333331,0.875,0.06666666666666667,0.95,0.6333333333333333,0,1
Wolf Goat Cabbage,6,0.9654178336321688,2.4921276903076706,1,0,0,0,0.75,0.33333333333333337,0.08333333333333333,0.20833333333333331,0.75,0.08695652173913046,0.375,0.7916666666666666,0.625,0.41666666666666663,1,0.875,1,1,0.9583333333333334,1,0.33333333333333337,0.20833333333333331,0.875,0.06666666666666667,0.95,0.6333333333333333,0,1
Wolf Goat Cabbage,3,0.8946559331500836,1.5208931755694346,0,1,0,0,0.75,0.33333333333333337,0.08333333333333333,0.20833333333333331,0.75,0.08695652173913046,0.375,0.7916666666666666,0.625,0.41666666666666663,1,0.875,1,1,0.9583333333333334,1,0.33333333333333337,0.20833333333333331,0.875,0.06666666666666667,0.95,0.6333333333333333,0,1
Wolf Goat Cabbage,6,0.9320651361089294,1.7422184701218617,0,1,0,0,0.75,0.33333333333333337,0.08333333333333333,0.20833333333333331,0.75,0.08695652173913046,0.375,0.7916666666666666,0.625,0.41666666666666663,1,0.875,1,1,0.9583333333333334,1,0.33333333333333337,0.20833333333333331,0.875,0.06666666666666667,0.95,0.6333333333333333,0,1
Wolf Goat Cabbage,3,0.9482680501446925,1.5434195195716305,0,0,1,0,0.75,0.33333333333333337,0.08333333333333333,0.20833333333333331,0.75,0.08695652173913046,0.375,0.7916666666666666,0.625,0.41666666666666663,1,0.875,1,1,0.9583333333333334,1,0.33333333333333337,0.20833333333333331,0.875,0.06666666666666667,0.95,0.6333333333333333,0,1
Wolf Goat Cabbage,6,0.9777258076849321,1.7218360112333686,0,0,1,0,0.75,0.33333333333333337,0.08333333333333333,0.20833333333333331,0.75,0.08695652173913046,0.375,0.7916666666666666,0.625,0.41666666666666663,1,0.875,1,1,0.9583333333333334,1,0.33333333333333337,0.20833333333333331,0.875,0.06666666666666667,0.95,0.6333333333333333,0,1
Word Construction,3,1.188615434415498,2.265642380422692,1,0,0,0,0.18181818181818177,0.9545454545454546,0,0.2272727272727273,0.04545454545454545,0.8636363636363636,1,0.13636363636363638,0.40909090909090906,0.22727272727272732,0.9545454545454546,0.9545454545454546,0.9545454545454546,0.8181818181818181,1,0.8636363636363636,0,0.47619047619047616,0,0.04090909090909091,0.9181818181818182,0.5909090909090909,0,1
Word Construction,6,1.380224478300565,3.4707393899204244,1,0,0,0,0.18181818181818177,0.9545454545454546,0,0.2272727272727273,0.04545454545454545,0.8636363636363636,1,0.13636363636363638,0.40909090909090906,0.22727272727272732,0.9545454545454546,0.9545454545454546,0.9545454545454546,0.8181818181818181,1,0.8636363636363636,0,0.47619047619047616,0,0.04090909090909091,0.9181818181818182,0.5909090909090909,0,1
Word Construction,3,1.1905075639137743,1.909791076487252,0,1,0,0,0.18181818181818177,0.9545454545454546,0,0.2272727272727273,0.04545454545454545,0.8636363636363636,1,0.13636363636363638,0.40909090909090906,0.22727272727272732,0.9545454545454546,0.9545454545454546,0.9545454545454546,0.8181818181818181,1,0.8636363636363636,0,0.47619047619047616,0,0.04090909090909091,0.9181818181818182,0.5909090909090909,0,1
Word Construction,6,1.3042290870097042,2.525550228808019,0,1,0,0,0.18181818181818177,0.9545454545454546,0,0.2272727272727273,0.04545454545454545,0.8636363636363636,1,0.13636363636363638,0.40909090909090906,0.22727272727272732,0.9545454545454546,0.9545454545454546,0.9545454545454546,0.8181818181818181,1,0.8636363636363636,0,0.47619047619047616,0,0.04090909090909091,0.9181818181818182,0.5909090909090909,0,1
Word Construction,3,1.4981974048283946,2.7102368077568535,0,0,1,0,0.18181818181818177,0.9545454545454546,0,0.2272727272727273,0.04545454545454545,0.8636363636363636,1,0.13636363636363638,0.40909090909090906,0.22727272727272732,0.9545454545454546,0.9545454545454546,0.9545454545454546,0.8181818181818181,1,0.8636363636363636,0,0.47619047619047616,0,0.04090909090909091,0.9181818181818182,0.5909090909090909,0,1
Word Construction,6,1.6277645351776362,3.7303245887060923,0,0,1,0,0.18181818181818177,0.9545454545454546,0,0.2272727272727273,0.04545454545454545,0.8636363636363636,1,0.13636363636363638,0.40909090909090906,0.22727272727272732,0.9545454545454546,0.9545454545454546,0.9545454545454546,0.8181818181818181,1,0.8636363636363636,0,0.47619047619047616,0,0.04090909090909091,0.9181818181818182,0.5909090909090909,0,1
Writing Story,3,0.923359332621743,1.1060725552050474,1,0,0,0,0.125,0.4,0.36,0.08000000000000002,0.03999999999999999,0.25,0.16,0,0,0.04,0.08333333333333333,0,0.7727272727272727,0.09523809523809525,0.29166666666666663,0.12,0.2,0.3636363636363637,0,0.08800000000000001,0.096,0.916,0,1
Writing Story,6,0.9183761179734581,1.1381703470031546,1,0,0,0,0.125,0.4,0.36,0.08000000000000002,0.03999999999999999,0.25,0.16,0,0,0.04,0.08333333333333333,0,0.7727272727272727,0.09523809523809525,0.29166666666666663,0.12,0.2,0.3636363636363637,0,0.08800000000000001,0.096,0.916,0,1
Writing Story,3,0.9004997519786695,1.0426084044868575,0,1,0,0,0.125,0.4,0.36,0.08000000000000002,0.03999999999999999,0.25,0.16,0,0,0.04,0.08333333333333333,0,0.7727272727272727,0.09523809523809525,0.29166666666666663,0.12,0.2,0.3636363636363637,0,0.08800000000000001,0.096,0.916,0,1
Writing Story,6,0.9581136295801047,1.119171270718232,0,1,0,0,0.125,0.4,0.36,0.08000000000000002,0.03999999999999999,0.25,0.16,0,0,0.04,0.08333333333333333,0,0.7727272727272727,0.09523809523809525,0.29166666666666663,0.12,0.2,0.3636363636363637,0,0.08800000000000001,0.096,0.916,0,1
Writing Story,3,0.9540163098127759,1.0233050847457628,0,0,1,0,0.125,0.4,0.36,0.08000000000000002,0.03999999999999999,0.25,0.16,0,0,0.04,0.08333333333333333,0,0.7727272727272727,0.09523809523809525,0.29166666666666663,0.12,0.2,0.3636363636363637,0,0.08800000000000001,0.096,0.916,0,1
Writing Story,6,0.946929342616232,1.021955671447197,0,0,1,0,0.125,0.4,0.36,0.08000000000000002,0.03999999999999999,0.25,0.16,0,0,0.04,0.08333333333333333,0,0.7727272727272727,0.09523809523809525,0.29166666666666663,0.12,0.2,0.3636363636363637,0,0.08800000000000001,0.096,0.916,0,1
hk_bdaf755327fff794 Writing,3,0.5365910665295414,0.9239319269738203,1,0,0,NA,NA,NA,NA,NA,NA,NA,NA,NA,NA,NA,NA,NA,NA,NA,NA,NA,NA,NA,NA,NA,NA,NA,NA,NA
hk_bdaf755327fff794 Writing,6,0.48721727196439296,0.9283928350172764,1,0,0,NA,NA,NA,NA,NA,NA,NA,NA,NA,NA,NA,NA,NA,NA,NA,NA,NA,NA,NA,NA,NA,NA,NA,NA,NA
hk_bdaf755327fff794 Writing,3,0.8566664522352182,1.8919934428690484,0,1,0,NA,NA,NA,NA,NA,NA,NA,NA,NA,NA,NA,NA,NA,NA,NA,NA,NA,NA,NA,NA,NA,NA,NA,NA,NA
hk_bdaf755327fff794 Writing,6,0.4172345912467882,1.2952032263535034,0,1,0,NA,NA,NA,NA,NA,NA,NA,NA,NA,NA,NA,NA,NA,NA,NA,NA,NA,NA,NA,NA,NA,NA,NA,NA,NA
hk_bdaf755327fff794 Writing,3,0.8357199102872184,1.8387268659937248,0,0,1,NA,NA,NA,NA,NA,NA,NA,NA,NA,NA,NA,NA,NA,NA,NA,NA,NA,NA,NA,NA,NA,NA,NA,NA,NA
hk_bdaf755327fff794 Writing,6,0.4434470307069863,1.3578423485774451,0,0,1,NA,NA,NA,NA,NA,NA,NA,NA,NA,NA,NA,NA,NA,NA,NA,NA,NA,NA,NA,NA,NA,NA,NA,NA,NA
