stageId,task,complexity,playerCount,score_real_raw,score_real_raw_normalized,nominal_avg_dedup_sum,normalized_score
2279a3gi8ERfCfusv,Unscramble Words,Medium,3,6.0,75.0,59.875,1.2526096033402923
2tYfw4e3K8p2kv7wh,Unscramble Words,Medium,3,8.0,100.0,59.875,1.6701461377870563
2uAsmDDMQLdfPc7YC,Unscramble Words,Low,6,8.0,100.0,99.375,1.0062893081761006
43XRYhwwkEG2efP4e,Unscramble Words,Medium,3,8.0,100.0,59.875,1.6701461377870563
44u5haH9d4yCR5ZpC,Unscramble Words,Low,6,7.0,87.5,99.375,0.8805031446540881
4KNNrG2GeEex8Px5T,Unscramble Words,Low,3,8.0,100.0,94.625,1.0568031704095113
4Khaq2nb4Bv4yTv6F,Unscramble Words,Low,3,8.0,100.0,94.625,1.0568031704095113
4nWs9KQozQiQ9KNy8,Unscramble Words,Low,3,7.0,87.5,94.625,0.9247027741083224
55uR8RbPGt6e2dSkS,Unscramble Words,Medium,3,5.0,62.5,59.875,1.0438413361169103
57kFuAbKfARujAhoo,Unscramble Words,High,3,7.0,87.5,78.0,1.1217948717948718
5QJiMrxRzsTG5GrZe,Unscramble Words,Low,3,8.0,100.0,94.625,1.0568031704095113
5ZAvtbtg2BTNAydCJ,Unscramble Words,Low,6,8.0,100.0,99.375,1.0062893081761006
6SvP6kMFY3uRHuF94,Unscramble Words,Low,3,8.0,100.0,94.625,1.0568031704095113
6ThikNT7YXWvYskuH,Unscramble Words,Medium,6,7.0,87.5,79.875,1.0954616588419406
8HHAnJuG3ck2oRTQZ,Unscramble Words,Medium,6,8.0,100.0,79.875,1.2519561815336464
8rZYB4Fmc8QJDNDe5,Unscramble Words,High,6,8.0,100.0,93.125,1.0738255033557047
8sJbfL9sEuuYktYLa,Unscramble Words,Low,3,8.0,100.0,94.625,1.0568031704095113
8wpXWvqvKtRYoruYk,Unscramble Words,Low,3,8.0,100.0,94.625,1.0568031704095113
9MYrMYXYBHYdiHsqL,Unscramble Words,Medium,6,8.0,100.0,79.875,1.2519561815336464
9crsr5T7jyRiTDkjA,Unscramble Words,High,3,7.0,87.5,78.0,1.1217948717948718
hk_ff1360a6d6979a50,Unscramble Words,Medium,3,7.0,87.5,59.875,1.4613778705636744
hk_c9660c5efe7c8634,Unscramble Words,High,3,7.0,87.5,78.0,1.1217948717948718
hk_f4d548a98dc360e5,Unscramble Words,Low,6,8.0,100.0,99.375,1.0062893081761006
Bjef8s4SBgjGm6NT7,Unscramble Words,Low,6,8.0,100.0,99.375,1.0062893081761006
Bq29p6GhQvr8MM8gW,Unscramble Words,Medium,6,7.0,87.5,79.875,1.0954616588419406
CFqibdx3BrPnvr6mc,Unscramble Words,Low,3,8.0,100.0,94.625,1.0568031704095113
Chj8wsY4h6Psp5hiT,Unscramble Words,Medium,3,7.0,87.5,59.875,1.4613778705636744
Co6WME2SdJsfWo76b,Unscramble Words,High,6,8.0,100.0,93.125,1.0738255033557047
Cx2ENKoz9Q4NqX5CL,Unscramble Words,High,6,8.0,100.0,93.125,1.0738255033557047
D56sPkdWFbXuGFSv8,Unscramble Words,Medium,3,8.0,100.0,59.875,1.6701461377870563
DrLWeyBAj9FZcEXoA,Unscramble Words,Medium,3,8.0,100.0,59.875,1.6701461377870563
EQgLDesJLEt6bNvHB,Unscramble Words,Low,3,8.0,100.0,94.625,1.0568031704095113
EhfJBLfuttNYkQjAA,Unscramble Words,Low,6,8.0,100.0,99.375,1.0062893081761006
EqzYxmCkksMhP9YiT,Unscramble Words,Low,6,8.0,100.0,99.375,1.0062893081761006
EwkTJXH98B3xaeDCz,Unscramble Words,High,6,8.0,100.0,93.125,1.0738255033557047
FMqQGi42cEu5c26tF,Unscramble Words,Low,6,8.0,100.0,99.375,1.0062893081761006
FP6fWDSP5Q48obmXK,Unscramble Words,Medium,3,8.0,100.0,59.875,1.6701461377870563
FXkhaAkqc2gtLnQfo,Unscramble Words,High,3,8.0,100.0,78.0,1.2820512820512822
FZS6pufFxkXZgCkGs,Unscramble Words,Medium,3,8.0,100.0,59.875,1.6701461377870563
Fn8xZ4sEf6Z7eJWpA,Unscramble Words,Low,6,8.0,100.0,99.375,1.0062893081761006
HFDaoxFqXEixjPDvM,Unscramble Words,Low,6,8.0,100.0,99.375,1.0062893081761006
HNs57fMmiou9YKSqY,Unscramble Words,High,3,7.0,87.5,78.0,1.1217948717948718
HS5GtcGYYG8Pqvcg4,Unscramble Words,Low,6,8.0,100.0,99.375,1.0062893081761006
J9bqY7G4M9Bp2fMeB,Unscramble Words,Medium,6,8.0,100.0,79.875,1.2519561815336464
JLEDMwK4KS9oyKb7Z,Unscramble Words,Medium,6,8.0,100.0,79.875,1.2519561815336464
JMm9iMHj77hqHx7kW,Unscramble Words,Low,6,8.0,100.0,99.375,1.0062893081761006
JgwmXH97dxZJg5RJq,Unscramble Words,High,6,8.0,100.0,93.125,1.0738255033557047
KSQBHPJs6Wu4xhr3S,Unscramble Words,Medium,6,8.0,100.0,79.875,1.2519561815336464
Ke7QtB5TbacKWpJNC,Unscramble Words,Medium,6,8.0,100.0,79.875,1.2519561815336464
KkYGBcQ598hyS8nu8,Unscramble Words,Medium,3,6.0,75.0,59.875,1.2526096033402923
LMtTq4YBmrBNQz28d,Unscramble Words,High,3,8.0,100.0,78.0,1.2820512820512822
LiLa2W8JJeam6Rxp7,Unscramble Words,Medium,3,7.0,87.5,59.875,1.4613778705636744
Lrdk9qDTtbzCHRW6Q,Unscramble Words,Medium,3,6.0,75.0,59.875,1.2526096033402923
MwBnPaKZLA4mo3TDp,Unscramble Words,Medium,6,8.0,100.0,79.875,1.2519561815336464
NADs7MNZicooSPvYE,Unscramble Words,Low,6,8.0,100.0,99.375,1.0062893081761006
NHNBLfqyhvksbLAF9,Unscramble Words,Low,6,8.0,100.0,99.375,1.0062893081761006
NkiXZ3nsTuyNbBJqz,Unscramble Words,Low,3,8.0,100.0,94.625,1.0568031704095113
Nrpnf7dCh9RFdCzjX,Unscramble Words,Medium,3,8.0,100.0,59.875,1.6701461377870563
P5dgTrYwsNJaHtEec,Unscramble Words,High,6,7.0,87.5,93.125,0.9395973154362416
PE2pHT9M3yq5TfwCE,Unscramble Words,High,6,8.0,100.0,93.125,1.0738255033557047
PqSC8odDyRM3deDX7,Unscramble Words,High,3,5.0,62.5,78.0,0.8012820512820513
R2eSmR2rXYXQefpA3,Unscramble Words,Low,3,8.0,100.0,94.625,1.0568031704095113
R9oZB83qvvkeEcnC7,Unscramble Words,Low,6,8.0,100.0,99.375,1.0062893081761006
RTHST7TBbEHsbFf8a,Unscramble Words,High,6,8.0,100.0,93.125,1.0738255033557047
SpuF7eZGeeWxHzt4u,Unscramble Words,Low,3,8.0,100.0,94.625,1.0568031704095113
TAEfwnhdqucwTq2vu,Unscramble Words,High,6,8.0,100.0,93.125,1.0738255033557047
TDEgNbaALuCpPPLym,Unscramble Words,High,3,8.0,100.0,78.0,1.2820512820512822
TP9xa8nirmrctueDc,Unscramble Words,Low,3,8.0,100.0,94.625,1.0568031704095113
Wbeaxh9Dy6juh4BHX,Unscramble Words,High,3,6.0,75.0,78.0,0.9615384615384616
XGShmRpc9SqJ7nKJD,Unscramble Words,High,3,8.0,100.0,78.0,1.2820512820512822
XJR3rH6dFX7W5AwXH,Unscramble Words,Low,6,8.0,100.0,99.375,1.0062893081761006
XyyNi3wEv3Cz8qYYp,Unscramble Words,High,6,8.0,100.0,93.125,1.0738255033557047
YXdhFKaW6qecjfDET,Unscramble Words,High,6,7.0,87.5,93.125,0.9395973154362416
YcQ2hWRJvxxxXQp8w,Unscramble Words,High,3,7.0,87.5,78.0,1.1217948717948718
Yxw74Rtb3d3fDDQBz,Unscramble Words,Low,3,7.0,87.5,94.625,0.9247027741083224
ZNSnSiNmSAF9ZEv6B,Unscramble Words,Medium,3,7.0,87.5,59.875,1.4613778705636744
ZQobR2TquG6fugNgh,Unscramble Words,High,6,8.0,100.0,93.125,1.0738255033557047
ZdPZwsvBEwzeGwPgY,Unscramble Words,Low,6,8.0,100.0,99.375,1.0062893081761006
ZtAHmvWWYA5FGhqEw,Unscramble Words,High,3,8.0,100.0,78.0,1.2820512820512822
Zz7z7Hm6pfHikfrvj,Unscramble Words,Medium,6,8.0,100.0,79.875,1.2519561815336464
a6v5Qw3tjFwk4aPmS,Unscramble Words,High,6,8.0,100.0,93.125,1.0738255033557047
aiqnsh2PW72TCAHEq,Unscramble Words,Medium,3,7.0,87.5,59.875,1.4613778705636744
aqua4YXqhzPSDNo9p,Unscramble Words,High,3,2.0,25.0,78.0,0.32051282051282054
b2EeSn2caT8HxDjsF,Unscramble Words,Low,3,8.0,100.0,94.625,1.0568031704095113
bhqcW4sgdvzsxhCQT,Unscramble Words,High,6,6.0,75.0,93.125,0.8053691275167785
bi9Tst7FcBSyTr8Ts,Unscramble Words,Low,3,7.0,87.5,94.625,0.9247027741083224
bxbBNc2F47qztcKrw,Unscramble Words,High,3,8.0,100.0,78.0,1.2820512820512822
c5tpsjdoJ4cT8wiSD,Unscramble Words,Low,6,8.0,100.0,99.375,1.0062893081761006
c7BLh86qRvB4vmQar,Unscramble Words,High,6,8.0,100.0,93.125,1.0738255033557047
d9fTQBAgoAvSoy5ft,Unscramble Words,Low,3,8.0,100.0,94.625,1.0568031704095113
dAwhXfTZTMpHfaxaG,Unscramble Words,Medium,3,5.0,62.5,59.875,1.0438413361169103
dCoDHZmbBRXTHWCMC,Unscramble Words,Medium,6,8.0,100.0,79.875,1.2519561815336464
dJ3pkJ464Zgqhzzb6,Unscramble Words,High,6,7.0,87.5,93.125,0.9395973154362416
dJKKdDgwBk2zPCNjC,Unscramble Words,High,3,5.0,62.5,78.0,0.8012820512820513
dTjM599yuCDZSv8n4,Unscramble Words,High,3,7.0,87.5,78.0,1.1217948717948718
dXeGMKiiFXk3X6CbG,Unscramble Words,Low,3,8.0,100.0,94.625,1.0568031704095113
dwPiw6rcgoktsfGya,Unscramble Words,Medium,3,3.0,37.5,59.875,0.6263048016701461
fDxgTQCNoH3WXCdcK,Unscramble Words,High,6,6.0,75.0,93.125,0.8053691275167785
fMSSbSZ36kC2jNkeT,Unscramble Words,Medium,3,7.0,87.5,59.875,1.4613778705636744
fMWgDZqRmYWEsR6aG,Unscramble Words,Medium,3,8.0,100.0,59.875,1.6701461377870563
fYJr2BrwdBLqNkmWA,Unscramble Words,Medium,6,6.0,75.0,79.875,0.9389671361502347
fnzaySpMbmnxSwZeW,Unscramble Words,Medium,3,5.0,62.5,59.875,1.0438413361169103
fqEQAuYsRW6jxhEtr,Unscramble Words,Medium,6,8.0,100.0,79.875,1.2519561815336464
fsDC48iZb3SW4kA3P,Unscramble Words,High,6,7.0,87.5,93.125,0.9395973154362416
fsnYx8TThqNYZMwFa,Unscramble Words,Medium,6,8.0,100.0,79.875,1.2519561815336464
ghFG2ZfYvhvkqBtpi,Unscramble Words,High,3,7.0,87.5,78.0,1.1217948717948718
ghmXLcJeAobTsd2e2,Unscramble Words,Low,3,7.0,87.5,94.625,0.9247027741083224
hQEPEyNqSS2rMRkQk,Unscramble Words,Low,3,8.0,100.0,94.625,1.0568031704095113
hZbixbzun5RpjZAn8,Unscramble Words,High,3,7.0,87.5,78.0,1.1217948717948718
hdSfYkRTMsFXKpsob,Unscramble Words,Medium,6,8.0,100.0,79.875,1.2519561815336464
hieC3Zb5gpvRWhQCh,Unscramble Words,Medium,6,6.0,75.0,79.875,0.9389671361502347
hjkdTDziNnM8RS92R,Unscramble Words,Medium,3,4.0,50.0,59.875,0.8350730688935282
ihQLyuzzwTaWDCHTM,Unscramble Words,Low,3,8.0,100.0,94.625,1.0568031704095113
irEA4tM9xpjpjhD8q,Unscramble Words,Medium,3,3.0,37.5,59.875,0.6263048016701461
iucFgFXuN9yvjWKtf,Unscramble Words,Low,6,8.0,100.0,99.375,1.0062893081761006
iyCxpJg2g5RSr9jme,Unscramble Words,Low,6,8.0,100.0,99.375,1.0062893081761006
jfY9XgGfdPGbnxENk,Unscramble Words,Low,3,8.0,100.0,94.625,1.0568031704095113
jiY8ZGBzJ7zupd6ig,Unscramble Words,Low,6,8.0,100.0,99.375,1.0062893081761006
jr2msgPRWBZnqbNc7,Unscramble Words,Low,3,8.0,100.0,94.625,1.0568031704095113
jtJ8nn8nj2Yr8Z38r,Unscramble Words,High,6,8.0,100.0,93.125,1.0738255033557047
k66K79gDpY7n3TmgG,Unscramble Words,Low,3,8.0,100.0,94.625,1.0568031704095113
kCt2hgvZMAyKiy488,Unscramble Words,Medium,6,8.0,100.0,79.875,1.2519561815336464
kecJa3MPyhd2JAyx5,Unscramble Words,Medium,3,7.0,87.5,59.875,1.4613778705636744
kmHZtd73WvY7b2yFg,Unscramble Words,High,3,7.0,87.5,78.0,1.1217948717948718
kse4kWPB6byDPvjqn,Unscramble Words,Medium,3,8.0,100.0,59.875,1.6701461377870563
mB8mJigYepujepa37,Unscramble Words,High,6,8.0,100.0,93.125,1.0738255033557047
mSqRbjiFLrEnQ8gYQ,Unscramble Words,Medium,6,8.0,100.0,79.875,1.2519561815336464
n7wQkam8QwmXpoTiY,Unscramble Words,High,3,8.0,100.0,78.0,1.2820512820512822
n8qfcJxRgePjv6ZEF,Unscramble Words,Medium,3,8.0,100.0,59.875,1.6701461377870563
nLR82YoR4mQS3bD7d,Unscramble Words,High,6,8.0,100.0,93.125,1.0738255033557047
nysHLiwFNAGJCjpq7,Unscramble Words,Low,3,8.0,100.0,94.625,1.0568031704095113
oCt6n8TQG8qJPDWan,Unscramble Words,Medium,6,4.0,50.0,79.875,0.6259780907668232
oKbssZZZSMCk76s2Q,Unscramble Words,Low,3,8.0,100.0,94.625,1.0568031704095113
pAk2msDTH3xshagHB,Unscramble Words,High,3,5.0,62.5,78.0,0.8012820512820513
qBpnYREtXRCW28E4b,Unscramble Words,High,6,8.0,100.0,93.125,1.0738255033557047
qGQCS9fcDSWWnkgrJ,Unscramble Words,Medium,6,7.0,87.5,79.875,1.0954616588419406
rNBZ8M9AukuTL5oNu,Unscramble Words,High,3,7.0,87.5,78.0,1.1217948717948718
rW9942cA3cnXofdzq,Unscramble Words,High,3,6.0,75.0,78.0,0.9615384615384616
rrpbTRtFLFGwPmoxQ,Unscramble Words,Low,6,8.0,100.0,99.375,1.0062893081761006
s8A2hsHbeKWAtuzF2,Unscramble Words,High,6,8.0,100.0,93.125,1.0738255033557047
s9DA2XkohMcNfupb3,Unscramble Words,High,3,8.0,100.0,78.0,1.2820512820512822
sAGPxN68CL5SfApoe,Unscramble Words,High,3,7.0,87.5,78.0,1.1217948717948718
sB9BxpXiKz9naCTBT,Unscramble Words,Medium,6,8.0,100.0,79.875,1.2519561815336464
sGLmhvvYyamhcc9SD,Unscramble Words,Medium,6,8.0,100.0,79.875,1.2519561815336464
tQE8fo6surYeXQsrS,Unscramble Words,High,3,3.0,37.5,78.0,0.4807692307692308
tgjjEphrumXnJb5wt,Unscramble Words,Low,3,8.0,100.0,94.625,1.0568031704095113
txxj72mb8tN52ZMQs,Unscramble Words,Medium,6,6.0,75.0,79.875,0.9389671361502347
uQuNeNjm2vXjzPN5N,Unscramble Words,Medium,3,7.0,87.5,59.875,1.4613778705636744
uW4zQejiDxv5c2Zx6,Unscramble Words,High,3,7.0,87.5,78.0,1.1217948717948718
wCdKYgZjhiQ264vq9,Unscramble Words,Low,6,8.0,100.0,99.375,1.0062893081761006
wkCQNqECawrt5gZYp,Unscramble Words,High,6,8.0,100.0,93.125,1.0738255033557047
woMxu9hAvvj2wJ2he,Unscramble Words,High,6,8.0,100.0,93.125,1.0738255033557047
xGKLTR3EiPQxWyhoK,Unscramble Words,High,3,6.0,75.0,78.0,0.9615384615384616
xavZqpdujBconz97x,Unscramble Words,Low,6,8.0,100.0,99.375,1.0062893081761006
xiFbhGizp7ePD2QNH,Unscramble Words,Low,3,8.0,100.0,94.625,1.0568031704095113
xsQhfuisH8rHkZrX3,Unscramble Words,Medium,6,8.0,100.0,79.875,1.2519561815336464
yGnkbKWnzrymv7s3p,Unscramble Words,High,3,5.0,62.5,78.0,0.8012820512820513
ysb4uWQqAaWmngWq2,Unscramble Words,Medium,3,2.0,25.0,59.875,0.4175365344467641
z37MSp2crzYkNSuG2,Unscramble Words,Low,6,8.0,100.0,99.375,1.0062893081761006
z7R9iE9mgrTY9hevA,Unscramble Words,Medium,3,5.0,62.5,59.875,1.0438413361169103
zMBqDhugnEuJjfpmz,Unscramble Words,Low,3,8.0,100.0,94.625,1.0568031704095113
zbkmK2y4DLvYRqsDR,Unscramble Words,Medium,6,7.0,87.5,79.875,1.0954616588419406
2BFbe8Tut5QLrTks9,Word Construction,High,6,18.0,69.23076923076923,54.80769230769231,1.263157894736842
2E83K7ZtqnSEYc66t,Word Construction,Medium,3,29.0,65.9090909090909,49.02272727272727,1.3444598980064904
343prMCrMHbwCz8Do,Word Construction,Medium,3,18.0,40.909090909090914,49.02272727272727,0.8344923504867873
3cbhbgcm4TXNg52cv,Word Construction,Low,6,19.0,32.20338983050847,52.86440677966101,0.6091696056428343
3zN5NtfJZavnmnSaA,Word Construction,Medium,3,19.0,43.18181818181818,49.02272727272727,0.880853036624942
5JpK7eAZuH9ocJM4z,Word Construction,Medium,3,17.0,38.63636363636363,49.02272727272727,0.7881316643486322
5KEuJxorKqJ35YWZf,Word Construction,Low,6,38.0,64.40677966101694,52.86440677966101,1.2183392112856686
5biewseyTWGeThjXh,Word Construction,Medium,3,14.0,31.818181818181817,49.02272727272727,0.6490496059341678
68ukhc9BC5ExdbNfG,Word Construction,High,6,16.0,61.53846153846154,54.80769230769231,1.1228070175438598
6NeJFKPCv3xeDPmL9,Word Construction,Low,6,19.0,32.20338983050847,52.86440677966101,0.6091696056428343
6wQxdfsYr69uRAiSs,Word Construction,High,3,4.0,15.384615384615385,36.80769230769231,0.41797283176593525
78Hz8qCuiwRXmTDNu,Word Construction,Low,3,16.0,27.11864406779661,35.25423728813559,0.7692307692307693
7Lvy66WniKn7bM8L8,Word Construction,Low,3,13.0,22.033898305084744,35.25423728813559,0.625
7rS2GuJFNHPGWatr3,Word Construction,High,3,20.0,76.92307692307693,36.80769230769231,2.0898641588296765
8EZATbxeveDuPcpft,Word Construction,Medium,3,25.0,56.81818181818182,49.02272727272727,1.1590171534538711
8cCMuXCKgmWHfpRK2,Word Construction,High,3,8.0,30.76923076923077,36.80769230769231,0.8359456635318705
8ppYyidw6tTwDSWDq,Word Construction,High,6,12.0,46.15384615384615,54.80769230769231,0.8421052631578947
95RLPwSRezizQkBZk,Word Construction,Medium,6,29.0,65.9090909090909,68.11363636363636,0.9676343009676344
9AfsZa9t83f8vHkLR,Word Construction,High,3,12.0,46.15384615384615,36.80769230769231,1.2539184952978057
9H28mXJ8uGry3fqtu,Word Construction,Medium,6,22.0,50.0,68.11363636363636,0.7340674007340674
9L79dcNhszjgtuCRq,Word Construction,Low,3,0.0,0.0,35.25423728813559,0.0
9ZzED6icyvM4dtANM,Word Construction,High,3,0.0,0.0,36.80769230769231,0.0
9bHejsJxRz3oCcEJp,Word Construction,Medium,6,24.0,54.54545454545454,68.11363636363636,0.8008008008008007
9j2RC9oL4JxEuNosa,Word Construction,Medium,6,34.0,77.27272727272727,68.11363636363636,1.1344678011344678
9kp2YXrwyLpGCD8WS,Word Construction,Low,6,38.0,64.40677966101694,52.86440677966101,1.2183392112856686
9oRbTLRYSZhNEH3KF,Word Construction,High,3,18.0,69.23076923076923,36.80769230769231,1.8808777429467085
hk_fcccd6e9501d13ad,Word Construction,Medium,3,27.0,61.36363636363637,49.02272727272727,1.251738525730181
hk_f75196a210baf3f1,Word Construction,Medium,3,12.0,27.27272727272727,49.02272727272727,0.5563282336578581
hk_e12e265a827be23f,Word Construction,Low,3,14.0,23.728813559322035,35.25423728813559,0.6730769230769231
hk_902f4429846fbc9d,Word Construction,Medium,3,12.0,27.27272727272727,49.02272727272727,0.5563282336578581
hk_99dafe7bcc30de09,Word Construction,Medium,6,14.0,31.818181818181817,68.11363636363636,0.4671338004671338
BFZc4XnzCD776XCJT,Word Construction,High,3,3.0,11.538461538461538,36.80769230769231,0.31347962382445144
BZuxm7Dhz6D7eFwc4,Word Construction,High,3,8.0,30.76923076923077,36.80769230769231,0.8359456635318705
Bc7YBE7dzrMQbCQno,Word Construction,High,6,16.0,61.53846153846154,54.80769230769231,1.1228070175438598
Cyce9cpz6gR3Qkxvt,Word Construction,Low,3,21.0,35.59322033898305,35.25423728813559,1.0096153846153846
DCquRLTtE5z8rdxyw,Word Construction,Medium,3,10.0,22.727272727272727,49.02272727272727,0.46360686138154844
DLBBWXFREDJGfZftj,Word Construction,Low,3,16.0,27.11864406779661,35.25423728813559,0.7692307692307693
ECyBgAzDoQ8fCDs4r,Word Construction,Medium,6,27.0,61.36363636363637,68.11363636363636,0.900900900900901
FGHEb5zzA2Stpweqb,Word Construction,High,6,23.0,88.46153846153845,54.80769230769231,1.6140350877192982
FTHaLdMN8HcQnf8Rm,Word Construction,Medium,3,22.0,50.0,49.02272727272727,1.0199350950394066
Fq32cAXZwk7NjMX5q,Word Construction,Low,6,13.0,22.033898305084744,52.86440677966101,0.41680025649246555
G7Ap5LMSRoHfMa2PX,Word Construction,High,3,15.0,57.692307692307686,36.80769230769231,1.567398119122257
GKKhguizQi9A64cBj,Word Construction,High,3,6.0,23.076923076923077,36.80769230769231,0.6269592476489029
GYmaEPGjp2J2S9Rt6,Word Construction,High,3,11.0,42.30769230769231,36.80769230769231,1.1494252873563218
HGZfztTmtPfCtzcrn,Word Construction,Medium,3,16.0,36.36363636363637,49.02272727272727,0.7417709782104775
HTGbG3zxuqLNsE3wF,Word Construction,Medium,3,18.0,40.909090909090914,49.02272727272727,0.8344923504867873
Hj7x8h9uHFnYFyMCS,Word Construction,Low,6,35.0,59.32203389830508,52.86440677966101,1.1221545367104842
HmiLpMvWWasgZFJSd,Word Construction,Medium,6,29.0,65.9090909090909,68.11363636363636,0.9676343009676344
HrovpwKr2ajoTQ277,Word Construction,High,3,7.0,26.923076923076923,36.80769230769231,0.7314524555903866
JApJaPb9Mea2WrCfi,Word Construction,High,3,13.0,50.0,36.80769230769231,1.3584117032392895
JM5Rkmxm6PFChJzC2,Word Construction,Medium,6,31.0,70.45454545454545,68.11363636363636,1.0343677010343677
JNbmHji6NzP5smPtY,Word Construction,Medium,3,19.0,43.18181818181818,49.02272727272727,0.880853036624942
JTLmQw4SioYk3pLmm,Word Construction,Medium,6,22.0,50.0,68.11363636363636,0.7340674007340674
JviaYY5doa4uvuWY7,Word Construction,High,6,11.0,42.30769230769231,54.80769230769231,0.7719298245614035
K3YihaaJ8rBrdboXh,Word Construction,High,3,10.0,38.46153846153847,36.80769230769231,1.0449320794148382
K94kTXJ7Ms6QeqsBt,Word Construction,Low,6,24.0,40.67796610169492,52.86440677966101,0.7694773966014751
KQtxYY5BDRJsfegnh,Word Construction,Low,6,29.0,49.152542372881356,52.86440677966101,0.9297851875601155
Ktj2Wx4Kj2HNEJ3yi,Word Construction,High,6,13.0,50.0,54.80769230769231,0.912280701754386
L98z5fTsAWBips52a,Word Construction,Low,3,13.0,22.033898305084744,35.25423728813559,0.625
LGoE8W7zghRnZpioT,Word Construction,Low,3,45.0,76.27118644067797,35.25423728813559,2.1634615384615383
LSwRwZboDgwDJt9vw,Word Construction,Low,6,37.0,62.71186440677966,52.86440677966101,1.1862776530939405
LxgxJ84Zju9orpDhj,Word Construction,Low,6,30.0,50.847457627118644,52.86440677966101,0.9618467457518437
MNGqcGfyj8KGFSejo,Word Construction,Medium,6,23.0,52.27272727272727,68.11363636363636,0.7674341007674341
MZBKFgwK8HZzbKQQ7,Word Construction,High,3,6.0,23.076923076923077,36.80769230769231,0.6269592476489029
Nb2cQKPpLLLdHcz29,Word Construction,High,6,11.0,42.30769230769231,54.80769230769231,0.7719298245614035
NiG4vA3dQXnpjQ7BH,Word Construction,Low,3,15.0,25.423728813559322,35.25423728813559,0.7211538461538461
PWAc7vCyTRoxGP38S,Word Construction,High,3,26.0,100.0,36.80769230769231,2.716823406478579
Pow8WwPpgfudGDFrp,Word Construction,High,3,7.0,26.923076923076923,36.80769230769231,0.7314524555903866
PrvtdWQJGFQSBRPRY,Word Construction,Low,3,19.0,32.20338983050847,35.25423728813559,0.9134615384615384
Q864jSSd4hDPwmsyu,Word Construction,Medium,3,18.0,40.909090909090914,49.02272727272727,0.8344923504867873
Q8zxHhRgMdxsJgYMy,Word Construction,Low,6,38.0,64.40677966101694,52.86440677966101,1.2183392112856686
QWZeZkEHPP8RGnDhh,Word Construction,Medium,3,22.0,50.0,49.02272727272727,1.0199350950394066
QdqN7iad9czYpykP4,Word Construction,Medium,3,16.0,36.36363636363637,49.02272727272727,0.7417709782104775
Qfmjo3N5buTcS5HKQ,Word Construction,Low,3,11.0,18.64406779661017,35.25423728813559,0.5288461538461539
QosHvsrYmwHszH3ar,Word Construction,High,3,13.0,50.0,36.80769230769231,1.3584117032392895
RAYYAfXkHYktLuWWf,Word Construction,Low,3,23.0,38.983050847457626,35.25423728813559,1.1057692307692308
REh8sZxfetGv2pa9u,Word Construction,Medium,3,32.0,72.72727272727273,49.02272727272727,1.483541956420955
RNJaPGFEFGCDjWWAh,Word Construction,Low,3,24.0,40.67796610169492,35.25423728813559,1.153846153846154
RjeGpQac9CyT5oRun,Word Construction,Low,6,44.0,74.57627118644068,52.86440677966101,1.4107085604360374
SZhwkLNycJMYWyXCx,Word Construction,Low,6,17.0,28.8135593220339,52.86440677966101,0.5450464892593782
SbSDdmzKa5SqFiCEq,Word Construction,High,3,9.0,34.61538461538461,36.80769230769231,0.9404388714733543
T4SDyYHTL3rrW4DKx,Word Construction,Low,3,18.0,30.508474576271187,35.25423728813559,0.8653846153846154
TY5ufENJDMk7R5k8p,Word Construction,Low,3,28.0,47.45762711864407,35.25423728813559,1.3461538461538463
W7p6Ws8wmQB2cWDGe,Word Construction,Medium,6,29.0,65.9090909090909,68.11363636363636,0.9676343009676344
WbXD2XCSRjyAZGEC7,Word Construction,Medium,6,26.0,59.09090909090909,68.11363636363636,0.8675342008675343
YATzMWZM46jeNbzhz,Word Construction,Low,3,23.0,38.983050847457626,35.25423728813559,1.1057692307692308
YRuphmRNrptCYZTYh,Word Construction,High,6,8.0,30.76923076923077,54.80769230769231,0.5614035087719299
YaQ6vhyZBGLXaP6gu,Word Construction,Medium,3,12.0,27.27272727272727,49.02272727272727,0.5563282336578581
YmNA8q28HSEDy67Hv,Word Construction,Medium,6,30.0,68.18181818181817,68.11363636363636,1.0010010010010009
Z54r8mcZhm3Ke2k4Y,Word Construction,Low,6,32.0,54.23728813559322,52.86440677966101,1.0259698621353
Z68qAeRau2uCyjX7c,Word Construction,High,6,8.0,30.76923076923077,54.80769230769231,0.5614035087719299
ZJ2EAWpKpQzjJpzvM,Word Construction,High,3,4.0,15.384615384615385,36.80769230769231,0.41797283176593525
ZcKFyvyzYfWmkhF8S,Word Construction,High,6,18.0,69.23076923076923,54.80769230769231,1.263157894736842
ZhxxrLHTmzNnEJrRX,Word Construction,Medium,3,20.0,45.45454545454545,49.02272727272727,0.9272137227630969
ZkeeFneveTweyLWJA,Word Construction,Low,3,26.0,44.06779661016949,35.25423728813559,1.25
aEDaKtHoRK5eTo4Qb,Word Construction,Medium,3,40.0,90.9090909090909,49.02272727272727,1.8544274455261938
bZgWj6DRDre4AM4hk,Word Construction,High,6,17.0,65.38461538461539,54.80769230769231,1.192982456140351
bajpgfAooLLPmt29D,Word Construction,Medium,6,24.0,54.54545454545454,68.11363636363636,0.8008008008008007
c2q94TWYjBFrAZXGm,Word Construction,Low,3,23.0,38.983050847457626,35.25423728813559,1.1057692307692308
cPbgvCiHorvmACoxN,Word Construction,Medium,6,11.0,25.0,68.11363636363636,0.3670337003670337
ch6oEaXmpJv4vqoSn,Word Construction,Medium,6,22.0,50.0,68.11363636363636,0.7340674007340674
crtHnC93ZFD5uXHvj,Word Construction,Medium,3,20.0,45.45454545454545,49.02272727272727,0.9272137227630969
d7F4iotDHtfQnTc98,Word Construction,Low,3,18.0,30.508474576271187,35.25423728813559,0.8653846153846154
d8C9EzW7vFeKukXiq,Word Construction,Low,3,8.0,13.559322033898304,35.25423728813559,0.38461538461538464
dRpvk2yzinN9agoFY,Word Construction,Medium,6,39.0,88.63636363636364,68.11363636363636,1.3013013013013015
dkrEWuGMufKktxvea,Word Construction,Medium,3,26.0,59.09090909090909,49.02272727272727,1.205377839592026
dmKgYQeq2GzEp3LPC,Word Construction,Medium,6,23.0,52.27272727272727,68.11363636363636,0.7674341007674341
doQuFLnztWtnQFheS,Word Construction,Medium,6,23.0,52.27272727272727,68.11363636363636,0.7674341007674341
ekTe3EX66Ex5nXNjA,Word Construction,High,6,9.0,34.61538461538461,54.80769230769231,0.631578947368421
f5LZ9tmfg89jYydkJ,Word Construction,High,6,14.0,53.84615384615385,54.80769230769231,0.9824561403508772
fZ4R666m2t9AsPHfX,Word Construction,Low,3,18.0,30.508474576271187,35.25423728813559,0.8653846153846154
fawe59sMTjGEmiubF,Word Construction,Medium,3,14.0,31.818181818181817,49.02272727272727,0.6490496059341678
gSj6NKL59w6jBJSqr,Word Construction,High,6,14.0,53.84615384615385,54.80769230769231,0.9824561403508772
h7fj9SZYXAMWbTq6z,Word Construction,High,3,12.0,46.15384615384615,36.80769230769231,1.2539184952978057
hWhbLHf4a2HLjn9qg,Word Construction,High,3,12.0,46.15384615384615,36.80769230769231,1.2539184952978057
i8dxptDK3wZ7GoHw3,Word Construction,Low,3,14.0,23.728813559322035,35.25423728813559,0.6730769230769231
iPwQD2BFMHWTAnQei,Word Construction,Low,3,16.0,27.11864406779661,35.25423728813559,0.7692307692307693
jG2yfyAHrGSuLoC3P,Word Construction,High,3,17.0,65.38461538461539,36.80769230769231,1.7763845350052248
kGap3oxiqj89TH83b,Word Construction,High,6,13.0,50.0,54.80769230769231,0.912280701754386
kMBgTP7gLXsow47bX,Word Construction,Low,6,39.0,66.10169491525424,52.86440677966101,1.2504007694773969
kdGQQbmkHWPnku6YY,Word Construction,Medium,6,24.0,54.54545454545454,68.11363636363636,0.8008008008008007
m9ZzqMrkrZ82WNbq2,Word Construction,High,3,8.0,30.76923076923077,36.80769230769231,0.8359456635318705
mW5ohxFZSqgewyj2L,Word Construction,Low,3,27.0,45.76271186440678,35.25423728813559,1.2980769230769231
mckuq9tbZSgMKr72k,Word Construction,High,3,10.0,38.46153846153847,36.80769230769231,1.0449320794148382
n6jhgw6LCj5LPfdqe,Word Construction,Low,6,32.0,54.23728813559322,52.86440677966101,1.0259698621353
nNZk9oJNt2pfag6uR,Word Construction,High,3,16.0,61.53846153846154,36.80769230769231,1.671891327063741
ng4FNgpYW6fKJ5Ee2,Word Construction,Medium,3,23.0,52.27272727272727,49.02272727272727,1.0662957811775615
oEnE4YYDDxrXTG5iN,Word Construction,Medium,6,29.0,65.9090909090909,68.11363636363636,0.9676343009676344
oYagBSAiH58uBNsnD,Word Construction,Low,3,23.0,38.983050847457626,35.25423728813559,1.1057692307692308
pDcrZyBr4bz2RAPt9,Word Construction,High,6,22.0,84.61538461538461,54.80769230769231,1.543859649122807
pbwPTZw7qEayFBtvL,Word Construction,Medium,6,20.0,45.45454545454545,68.11363636363636,0.6673340006673341
pqu7yedW6vyJPMwYz,Word Construction,Low,3,17.0,28.8135593220339,35.25423728813559,0.8173076923076924
q86RA7WaL2L8RzL6E,Word Construction,Medium,3,7.0,15.909090909090908,49.02272727272727,0.3245248029670839
qNNXoA7hFabbLnn9Y,Word Construction,Low,6,35.0,59.32203389830508,52.86440677966101,1.1221545367104842
qytGocd94gYkuas6s,Word Construction,Low,3,16.0,27.11864406779661,35.25423728813559,0.7692307692307693
r3Bz5harjDtmiDbyF,Word Construction,High,6,21.0,80.76923076923077,54.80769230769231,1.473684210526316
r6dAzHz8KD3iLvgKc,Word Construction,Low,6,18.0,30.508474576271187,52.86440677966101,0.5771080474511062
rHqcn4H7ngpZoz9jR,Word Construction,Medium,6,19.0,43.18181818181818,68.11363636363636,0.6339673006339673
rsN7qtgJSi56xWM7R,Word Construction,High,3,15.0,57.692307692307686,36.80769230769231,1.567398119122257
sLQtPh9t2FGSg924A,Word Construction,High,6,14.0,53.84615384615385,54.80769230769231,0.9824561403508772
t4DuLSPqNsrnzHsAQ,Word Construction,Low,3,27.0,45.76271186440678,35.25423728813559,1.2980769230769231
tZJdy7ExpeyMWmS7t,Word Construction,High,6,15.0,57.692307692307686,54.80769230769231,1.0526315789473684
tazuHZTuLfqJxDEZs,Word Construction,High,6,11.0,42.30769230769231,54.80769230769231,0.7719298245614035
tbRWhMdFzNGFmjfAa,Word Construction,High,3,9.0,34.61538461538461,36.80769230769231,0.9404388714733543
tiQJH9uwiqH3cGRnT,Word Construction,Low,6,35.0,59.32203389830508,52.86440677966101,1.1221545367104842
uJRK2Exo5NbFF2n4e,Word Construction,High,3,7.0,26.923076923076923,36.80769230769231,0.7314524555903866
uZPcEp4mrPYytrSwC,Word Construction,High,6,16.0,61.53846153846154,54.80769230769231,1.1228070175438598
ucZ2qwTtZZguEKE6n,Word Construction,Low,6,33.0,55.932203389830505,52.86440677966101,1.058031420327028
umCwXMyvdguStk9sJ,Word Construction,High,6,11.0,42.30769230769231,54.80769230769231,0.7719298245614035
v6K5pQAHrRdgxupAE,Word Construction,High,6,15.0,57.692307692307686,54.80769230769231,1.0526315789473684
v87MKsDpedZFCKCcC,Word Construction,Medium,6,22.0,50.0,68.11363636363636,0.7340674007340674
vCRy2x3csM4knrPXX,Word Construction,Low,6,26.0,44.06779661016949,52.86440677966101,0.8336005129849311
ve5ryQS6mTz2sMKkM,Word Construction,Medium,6,29.0,65.9090909090909,68.11363636363636,0.9676343009676344
vmQHsazmuyrjLpMBn,Word Construction,Low,6,17.0,28.8135593220339,52.86440677966101,0.5450464892593782
vmivSQi7AdQ3usmHk,Word Construction,Low,6,32.0,54.23728813559322,52.86440677966101,1.0259698621353
w7ZBFJDrGGZqEq6mv,Word Construction,Medium,3,24.0,54.54545454545454,49.02272727272727,1.1126564673157162
wZmzoyCH3dvrDGaCP,Word Construction,Medium,3,0.0,0.0,49.02272727272727,0.0
wioZopJ7GN5oXxJMC,Word Construction,Low,3,30.0,50.847457627118644,35.25423728813559,1.4423076923076923
wqvivTKsgCzbaixca,Word Construction,Low,6,23.0,38.983050847457626,52.86440677966101,0.7374158384097468
xKedYmrdALTQDanMJ,Word Construction,Low,3,9.0,15.254237288135593,35.25423728813559,0.4326923076923077
xaf8HpTXMFz3bdnwW,Word Construction,Low,6,16.0,27.11864406779661,52.86440677966101,0.51298493106765
xiLySHvfvQgoAoo3X,Word Construction,High,6,17.0,65.38461538461539,54.80769230769231,1.192982456140351
xnsXraTzfafvYkycA,Word Construction,Medium,6,30.0,68.18181818181817,68.11363636363636,1.0010010010010009
yDrr9cxrXDGPQLFtB,Word Construction,High,3,15.0,57.692307692307686,36.80769230769231,1.567398119122257
yEoK2PhRqDYkGweFk,Word Construction,Medium,3,17.0,38.63636363636363,49.02272727272727,0.7881316643486322
yHQotJ2AviocSdveo,Word Construction,Low,3,18.0,30.508474576271187,35.25423728813559,0.8653846153846154
yM3nTNuYEXBxRTq7h,Word Construction,High,6,12.0,46.15384615384615,54.80769230769231,0.8421052631578947
zSminckXjCRTSnWmf,Word Construction,Low,6,37.0,62.71186440677966,52.86440677966101,1.1862776530939405
zXJLS3WRRFdraxHtm,Word Construction,Medium,3,18.0,40.909090909090914,49.02272727272727,0.8344923504867873
zZ7rYPy7Sz2xFcPWJ,Word Construction,Medium,3,23.0,52.27272727272727,49.02272727272727,1.0662957811775615
zgiLubiQTkWyabij4,Word Construction,Medium,3,18.0,40.909090909090914,49.02272727272727,0.8344923504867873
zjhgGd8DuM5Qxu92X,Word Construction,High,3,4.0,15.384615384615385,36.80769230769231,0.41797283176593525
24NBneLFCQPDQmCX6,Recall Association,High,3,45.0,51.13636363636363,48.92045454545454,1.0452961672473868
2cDXfwzskpGuyf5vL,Recall Association,High,3,60.0,68.18181818181817,48.92045454545454,1.3937282229965156
2iKCBvHhFYsCjybHn,Recall Association,Medium,3,42.0,71.1864406779661,47.83050847457627,1.48830616583983
4LFQ4g6Lx9kYM6fxe,Recall Association,High,6,40.0,45.45454545454545,73.67045454545455,0.616998303254666
4PDF9t7qWmcXNvRpb,Recall Association,Medium,6,51.0,86.4406779661017,70.64406779661017,1.223608445297505
4cHoEa6qBffjmou3d,Recall Association,Low,6,16.0,53.333333333333336,80.9,0.6592501030078286
4jgTF2Hvd77SwYZ9P,Recall Association,Low,3,7.0,23.333333333333332,58.43333333333333,0.3993154592127781
4wKYWHwtyxgZtvqat,Recall Association,Medium,3,36.0,61.016949152542374,47.83050847457627,1.2756909992912828
4ywbkvXPAcdyH8c4r,Recall Association,Medium,3,43.0,72.88135593220339,47.83050847457627,1.5237420269312545
5RqH25u4xXkWtLXTE,Recall Association,Medium,3,45.0,76.27118644067797,47.83050847457627,1.5946137491141035
5iLMxqhKpSb8xMHtT,Recall Association,Medium,6,38.0,64.40677966101694,70.64406779661017,0.911708253358925
5orgvBMJ4GTLc274j,Recall Association,Medium,3,43.0,72.88135593220339,47.83050847457627,1.5237420269312545
5rR2P2NPodDWPGzJ2,Recall Association,Low,3,30.0,100.0,58.43333333333333,1.7113519680547633
5utxLeFCMcxdPPtKi,Recall Association,Medium,6,34.0,57.6271186440678,70.64406779661017,0.8157389635316699
62mHwyZgLgX6XAXHg,Recall Association,Medium,6,35.0,59.32203389830508,70.64406779661017,0.8397312859884836
67swHqgRHsPTjdmnM,Recall Association,High,3,80.0,90.9090909090909,48.92045454545454,1.8583042973286878
69ZXLQvbwHdgXgD3o,Recall Association,Low,6,19.0,63.33333333333333,80.9,0.7828594973217964
6LbgqWwW3s747jEDr,Recall Association,Medium,6,22.0,37.28813559322034,70.64406779661017,0.527831094049904
6MBmkNWPC6ReQdZBv,Recall Association,Low,6,22.0,73.33333333333333,80.9,0.9064688916357642
6QFawL5eXHqFbiSkF,Recall Association,Low,3,12.0,40.0,58.43333333333333,0.6845407872219054
6Xs9RPNNZvFFdeyB5,Recall Association,High,6,87.0,98.86363636363636,73.67045454545455,1.3419713095788985
6huQyqZnj7o253dgu,Recall Association,Low,6,28.0,93.33333333333333,80.9,1.1536876802637
6u6mTFS5S4RNPitAX,Recall Association,Medium,3,21.0,35.59322033898305,47.83050847457627,0.744153082919915
7vb75Lja9Dwn3M2An,Recall Association,Low,3,12.0,40.0,58.43333333333333,0.6845407872219054
85LX8CHmfeSuWSiKQ,Recall Association,Medium,6,42.0,71.1864406779661,70.64406779661017,1.0076775431861804
88FybbNo7gfdgK8H4,Recall Association,High,3,58.0,65.9090909090909,48.92045454545454,1.3472706155632985
8DDiYvodt22FB3N5G,Recall Association,Medium,6,38.0,64.40677966101694,70.64406779661017,0.911708253358925
8MKgNNzwfqjoeG8zZ,Recall Association,Low,6,30.0,100.0,80.9,1.2360939431396785
hk_d79c49a7efc09eb1,Recall Association,High,6,38.0,43.18181818181818,73.67045454545455,0.5861483880919327
hk_b6753f52d4fb9b89,Recall Association,High,6,76.0,86.36363636363636,73.67045454545455,1.1722967761838654
B3wo6MNm3c2mn3MPC,Recall Association,High,3,25.0,28.40909090909091,48.92045454545454,0.580720092915215
BJ2Zqt6hi6nXyDkQr,Recall Association,Low,3,21.0,70.0,58.43333333333333,1.1979463776383343
BZS9A6onRkvotMJa9,Recall Association,Low,6,24.0,80.0,80.9,0.9888751545117428
C356pJxFQE5mHDWmQ,Recall Association,Low,6,26.0,86.66666666666667,80.9,1.0712814173877214
CTXM4iWCca5qvAcnK,Recall Association,Low,6,29.0,96.66666666666667,80.9,1.1948908117016892
Ci8DmoWL7RXH4bGiG,Recall Association,High,6,50.0,56.81818181818182,73.67045454545455,0.7712478790683326
CohzAhGKXygjQePZX,Recall Association,Low,6,26.0,86.66666666666667,80.9,1.0712814173877214
Ct6TfRY8Xv9hhvTTe,Recall Association,Medium,6,58.0,98.30508474576271,70.64406779661017,1.3915547024952015
D2aay9sqPZmGNd4AD,Recall Association,Medium,3,19.0,32.20338983050847,47.83050847457627,0.6732813607370658
D6ZezuAanwgqLFKZy,Recall Association,Low,6,24.0,80.0,80.9,0.9888751545117428
DHmCerqnirt9A47iu,Recall Association,High,6,74.0,84.0909090909091,73.67045454545455,1.1414468610211321
ELuTma9dLjFZgfGR5,Recall Association,Low,3,16.0,53.333333333333336,58.43333333333333,0.9127210496292072
EMzPMHWDd2GCPD2ri,Recall Association,High,3,30.0,34.090909090909086,48.92045454545454,0.6968641114982578
EisZHRQiqmaghhLpm,Recall Association,Medium,6,39.0,66.10169491525424,70.64406779661017,0.935700575815739
FA42uwBP9fpPjBEwa,Recall Association,Low,3,28.0,93.33333333333333,58.43333333333333,1.5972618368511124
FfDM95QsXAXdSGbPQ,Recall Association,Medium,3,34.0,57.6271186440678,47.83050847457627,1.2048192771084338
FiJypMNkkq7tg9Xo4,Recall Association,High,6,66.0,75.0,73.67045454545455,1.018047200370199
FvHz4N98vvbuAt2fZ,Recall Association,High,3,38.0,43.18181818181818,48.92045454545454,0.8826945412311267
FzXy84b52Rq42Ajzp,Recall Association,High,3,85.0,96.5909090909091,48.92045454545454,1.9744483159117308
H6WgYTZGuoPwZQWjS,Recall Association,Low,6,25.0,83.33333333333334,80.9,1.0300782859497322
HaT6dofuSBeZovdCa,Recall Association,Low,3,13.0,43.333333333333336,58.43333333333333,0.7415858528237308
J3FbJueZ6QMWpzsML,Recall Association,High,3,49.0,55.68181818181818,48.92045454545454,1.1382113821138213
JYsEfaHKcCjpZ3qWS,Recall Association,Low,3,30.0,100.0,58.43333333333333,1.7113519680547633
JYuixvinwpkexZsGt,Recall Association,High,6,77.0,87.5,73.67045454545455,1.1877217337652322
JoDsZ7LL5iiLZwqr2,Recall Association,High,3,0.0,0.0,48.92045454545454,0.0
JpN57rD2hKcbWad5L,Recall Association,Low,3,23.0,76.66666666666667,58.43333333333333,1.3120365088419854
Jph8awqPi3PSNAMh4,Recall Association,Low,6,28.0,93.33333333333333,80.9,1.1536876802637
KMwgJqpTkojK3mFq2,Recall Association,High,3,53.0,60.22727272727273,48.92045454545454,1.2311265969802556
KzmZZvSxhAEtdaNq2,Recall Association,Medium,3,55.0,93.22033898305084,47.83050847457627,1.9489723600283486
LKLkmEmbR4Mw79inH,Recall Association,High,6,55.0,62.5,73.67045454545455,0.8483726669751658
LQW8fdu4EigNmpa4T,Recall Association,Low,3,18.0,60.0,58.43333333333333,1.026811180832858
LXBKEqz5nyqitbGPf,Recall Association,Medium,3,19.0,32.20338983050847,47.83050847457627,0.6732813607370658
LhtKYAsM7SaEBQmRL,Recall Association,High,6,66.0,75.0,73.67045454545455,1.018047200370199
N5o459ebv2bdvR6pa,Recall Association,Low,6,30.0,100.0,80.9,1.2360939431396785
NZTixiux2nQzGXMq5,Recall Association,Medium,6,42.0,71.1864406779661,70.64406779661017,1.0076775431861804
Na69qss7FEjxagmPL,Recall Association,Low,6,29.0,96.66666666666667,80.9,1.1948908117016892
P3co86CghbpieeMaC,Recall Association,Medium,3,32.0,54.23728813559322,47.83050847457627,1.1339475549255846
PLuv9Cxuakj5pdmgZ,Recall Association,High,6,46.0,52.27272727272727,73.67045454545455,0.7095480487428659
PsvLvxczMG2PGkXLb,Recall Association,High,6,48.0,54.54545454545454,73.67045454545455,0.7403979639055992
PzF7WkuvfifnnLABw,Recall Association,High,6,57.0,64.77272727272727,73.67045454545455,0.8792225821378991
QmKQv3yeqjeyJJCWC,Recall Association,Low,6,14.0,46.666666666666664,80.9,0.57684384013185
Qs9tsZq3vdD8Qvs2L,Recall Association,Medium,6,48.0,81.35593220338984,70.64406779661017,1.1516314779270633
RhyyeDAkajLtxxPSA,Recall Association,Low,3,17.0,56.666666666666664,58.43333333333333,0.9697661152310325
Rrmtzb2p5azbCWt3D,Recall Association,Medium,6,49.0,83.05084745762711,70.64406779661017,1.175623800383877
SAatnmsHnAubEeH6P,Recall Association,Medium,3,52.0,88.13559322033898,47.83050847457627,1.842664776754075
SKGBaMmtG55b56NDP,Recall Association,High,3,67.0,76.13636363636364,48.92045454545454,1.5563298490127762
SiJXSe4kMfFYjpACQ,Recall Association,Medium,6,43.0,72.88135593220339,70.64406779661017,1.0316698656429941
SmLbrGnoo7Dx7SECe,Recall Association,Medium,3,37.0,62.71186440677966,47.83050847457627,1.3111268603827073
SxiTB47JHpBTGDTTA,Recall Association,Medium,3,54.0,91.52542372881356,47.83050847457627,1.9135364989369243
W9pChegiGzTuQF6rG,Recall Association,Low,6,15.0,50.0,80.9,0.6180469715698392
WBbtusHAjsvCTwuro,Recall Association,Low,6,20.0,66.66666666666666,80.9,0.8240626287597855
WME7hHvA4omZK8foN,Recall Association,Medium,6,50.0,84.7457627118644,70.64406779661017,1.1996161228406907
WPP6SzQmG5ke7cFze,Recall Association,High,3,80.0,90.9090909090909,48.92045454545454,1.8583042973286878
WZyNAbWwEc4aWneNj,Recall Association,Medium,3,48.0,81.35593220338984,47.83050847457627,1.7009213323883774
Wf42Y5KvcXdfCcTRH,Recall Association,High,3,42.0,47.72727272727273,48.92045454545454,0.9756097560975611
WprGZB3oNBMQrJhdP,Recall Association,High,3,71.0,80.68181818181817,48.92045454545454,1.6492450638792102
Ws4JmDFva2tXybuHZ,Recall Association,Medium,3,23.0,38.983050847457626,47.83050847457627,0.815024805102764
XCz234rwF4bBpBwTt,Recall Association,High,6,67.0,76.13636363636364,73.67045454545455,1.0334721579515658
XLyaz3NKiJXtijHDC,Recall Association,High,3,34.0,38.63636363636363,48.92045454545454,0.7897793263646923
XtjDiRRqRh22F3HGE,Recall Association,High,3,83.0,94.31818181818183,48.92045454545454,1.9279907084785137
Y7bXKQDffQZiMmAgg,Recall Association,High,3,34.0,38.63636363636363,48.92045454545454,0.7897793263646923
Z7c5MHQRGNroQMA89,Recall Association,Medium,6,59.0,100.0,70.64406779661017,1.4155470249520152
ZJSCfcEAJYmp8djaz,Recall Association,Medium,6,35.0,59.32203389830508,70.64406779661017,0.8397312859884836
ZqvKf5JJdoa5dMHnH,Recall Association,Low,3,30.0,100.0,58.43333333333333,1.7113519680547633
ZsE5489wFDc7GSiZp,Recall Association,Medium,3,29.0,49.152542372881356,47.83050847457627,1.0276399716513112
ZutENy4E8ucrHMYnk,Recall Association,Medium,3,32.0,54.23728813559322,47.83050847457627,1.1339475549255846
a9orTPWKxFXYgcQTg,Recall Association,Medium,3,48.0,81.35593220338984,47.83050847457627,1.7009213323883774
aPTz99peoPAnvhHja,Recall Association,High,6,72.0,81.81818181818183,73.67045454545455,1.110596945858399
aRz76NbNXf4kJzxrz,Recall Association,Medium,3,10.0,16.94915254237288,47.83050847457627,0.3543586109142452
as8Fj4EyG7jZ37yy8,Recall Association,Medium,3,12.0,20.33898305084746,47.83050847457627,0.42523033309709435
bmzqEcif27ZsXtGW8,Recall Association,High,3,23.0,26.136363636363637,48.92045454545454,0.5342624854819977
c3qMMpeuZikCSi5zA,Recall Association,High,3,35.0,39.77272727272727,48.92045454545454,0.8130081300813009
c7R7vQkXxSBE9fiLm,Recall Association,Low,3,28.0,93.33333333333333,58.43333333333333,1.5972618368511124
cBLqSWA8yfs4h3hTu,Recall Association,High,6,75.0,85.22727272727273,73.67045454545455,1.1568718186024989
cZ4wGprMrdjsnTa6M,Recall Association,Medium,6,24.0,40.67796610169492,70.64406779661017,0.5758157389635317
cbZw2zSYEBfwaJ6Kb,Recall Association,High,3,20.0,22.727272727272727,48.92045454545454,0.46457607433217196
dDkus6QBt58ahZ7mq,Recall Association,High,6,38.0,43.18181818181818,73.67045454545455,0.5861483880919327
dXD3Sn6gwz9iNZuHN,Recall Association,Medium,3,22.0,37.28813559322034,47.83050847457627,0.7795889440113395
dxSBfPmbHo2nYLE9Z,Recall Association,Low,3,18.0,60.0,58.43333333333333,1.026811180832858
edoaqkJsAhES3pBJv,Recall Association,Medium,3,41.0,69.49152542372882,47.83050847457627,1.4528703047484055
evJ5nrvAGw6sMvEoM,Recall Association,Low,3,13.0,43.333333333333336,58.43333333333333,0.7415858528237308
fZqzEGDf5hxSvYvze,Recall Association,High,6,73.0,82.95454545454545,73.67045454545455,1.1260219034397656
g8rWsFbHjkhGHAvv7,Recall Association,High,6,88.0,100.0,73.67045454545455,1.3573962671602653
gBX4x4RBeEBmk8Tga,Recall Association,High,6,47.0,53.40909090909091,73.67045454545455,0.7249730063242326
ginazLDgSRFY8o5nR,Recall Association,Low,6,22.0,73.33333333333333,80.9,0.9064688916357642
hJAxYAL3mkWRTf3C2,Recall Association,High,6,71.0,80.68181818181817,73.67045454545455,1.095171988277032
iSHFR6e9YyNeDLJmr,Recall Association,Low,3,7.0,23.333333333333332,58.43333333333333,0.3993154592127781
iWaENj28sfi7F3AEd,Recall Association,Medium,3,54.0,91.52542372881356,47.83050847457627,1.9135364989369243
ifjdN338xR6mjcdBZ,Recall Association,High,3,42.0,47.72727272727273,48.92045454545454,0.9756097560975611
ipTKtbLq75tXSLyi8,Recall Association,Low,3,29.0,96.66666666666667,58.43333333333333,1.654306902452938
ireKcyvo7qsfLSYfx,Recall Association,Medium,3,51.0,86.4406779661017,47.83050847457627,1.8072289156626509
jELpZu2m87dKbk6fm,Recall Association,Medium,6,51.0,86.4406779661017,70.64406779661017,1.223608445297505
jaoqkh65z9dQko4dd,Recall Association,Low,3,30.0,100.0,58.43333333333333,1.7113519680547633
kBNyNsuKhPGnBEsBg,Recall Association,Low,3,25.0,83.33333333333334,58.43333333333333,1.4261266400456363
kLkk9Jof3GfCEmFS8,Recall Association,Low,6,30.0,100.0,80.9,1.2360939431396785
kjBe9cm5aHxeztR6a,Recall Association,High,3,55.0,62.5,48.92045454545454,1.2775842044134729
mZEfuwndnhRndkknE,Recall Association,High,6,52.0,59.09090909090909,73.67045454545455,0.8020977942310659
mZyWk4HeLRXhChvd6,Recall Association,Low,3,30.0,100.0,58.43333333333333,1.7113519680547633
mxz62FoBLQFye9y5w,Recall Association,Medium,6,39.0,66.10169491525424,70.64406779661017,0.935700575815739
n5mYKGTDSkPkaeHNa,Recall Association,High,3,55.0,62.5,48.92045454545454,1.2775842044134729
n8vPAtZatwMjA98mM,Recall Association,Low,6,26.0,86.66666666666667,80.9,1.0712814173877214
nMFMeTqkSpZpQbsu9,Recall Association,Low,3,16.0,53.333333333333336,58.43333333333333,0.9127210496292072
nPoFhpHRoPv9bThkB,Recall Association,High,6,64.0,72.72727272727273,73.67045454545455,0.9871972852074657
nXn2FMQTXw4mKshuP,Recall Association,Low,3,30.0,100.0,58.43333333333333,1.7113519680547633
ner72cHcJaynTP2Qi,Recall Association,Medium,3,30.0,50.847457627118644,47.83050847457627,1.0630758327427356
oA7pgyh8eFHww9gFm,Recall Association,Low,3,7.0,23.333333333333332,58.43333333333333,0.3993154592127781
oEE8qWKHeiamfifN4,Recall Association,Low,3,30.0,100.0,58.43333333333333,1.7113519680547633
oEkLfPYmYAaPJbuGH,Recall Association,High,3,46.0,52.27272727272727,48.92045454545454,1.0685249709639955
odgJJscmos78zZSxb,Recall Association,Medium,6,55.0,93.22033898305084,70.64406779661017,1.31957773512476
ou2gk4nZWkwPbExFD,Recall Association,Low,3,5.0,16.666666666666664,58.43333333333333,0.2852253280091272
pFCuzkKYfFiFRz7ti,Recall Association,Low,3,14.0,46.666666666666664,58.43333333333333,0.7986309184255562
pG97CmYuBdd9QfenC,Recall Association,Medium,6,36.0,61.016949152542374,70.64406779661017,0.8637236084452975
pkBhsNduoyou7dYbT,Recall Association,Medium,3,30.0,50.847457627118644,47.83050847457627,1.0630758327427356
psESETc57Sp2udBQn,Recall Association,High,3,54.0,61.36363636363637,48.92045454545454,1.2543554006968642
ptTQAmtfz5rKcKP4g,Recall Association,High,6,39.0,44.31818181818182,73.67045454545455,0.6015733456732995
q8PKR9oyEwxDw45Ny,Recall Association,High,6,43.0,48.86363636363637,73.67045454545455,0.663273175998766
qEqnuqAEQPgMRKgid,Recall Association,Medium,6,34.0,57.6271186440678,70.64406779661017,0.8157389635316699
qPEyNABfBPWff3QbK,Recall Association,Low,6,28.0,93.33333333333333,80.9,1.1536876802637
qadDmzMQkWAjacg3d,Recall Association,Medium,6,40.0,67.79661016949152,70.64406779661017,0.9596928982725526
qdeXxWmALiYoNw6PG,Recall Association,Low,3,29.0,96.66666666666667,58.43333333333333,1.654306902452938
qoYsuCQaF3FXHTjbn,Recall Association,Medium,6,52.0,88.13559322033898,70.64406779661017,1.2476007677543184
r758cfMpih7qK5SPZ,Recall Association,Medium,3,9.0,15.254237288135593,47.83050847457627,0.3189227498228207
rGpLvamWQvw8b2sD6,Recall Association,Low,3,28.0,93.33333333333333,58.43333333333333,1.5972618368511124
rcTSgRzCAPAfbkXPL,Recall Association,Low,6,17.0,56.666666666666664,80.9,0.7004532344458178
rmKTCTbxEc7JksMX9,Recall Association,High,3,68.0,77.27272727272727,48.92045454545454,1.5795586527293846
s5AfWxBzumiennNtB,Recall Association,High,3,10.0,11.363636363636363,48.92045454545454,0.23228803716608598
sCMy5ioxd6KGXPn6i,Recall Association,Low,6,28.0,93.33333333333333,80.9,1.1536876802637
sYnXcteRtyCNFHNTs,Recall Association,High,6,75.0,85.22727272727273,73.67045454545455,1.1568718186024989
t24cpo2zaNKLbpBpT,Recall Association,Low,3,7.0,23.333333333333332,58.43333333333333,0.3993154592127781
tB3jaoKbq2yiuG7Li,Recall Association,Low,6,30.0,100.0,80.9,1.2360939431396785
tMLPaHQLH52a5LGZQ,Recall Association,Low,3,14.0,46.666666666666664,58.43333333333333,0.7986309184255562
tXstTiMTsfkrTSgz7,Recall Association,Medium,3,22.0,37.28813559322034,47.83050847457627,0.7795889440113395
tYq66kutKhMmPza28,Recall Association,Medium,3,49.0,83.05084745762711,47.83050847457627,1.7363571934798014
tiFcmfWTRhRjbccGy,Recall Association,Medium,6,45.0,76.27118644067797,70.64406779661017,1.0796545105566218
twAZTA9TiomRWH9oP,Recall Association,High,6,50.0,56.81818181818182,73.67045454545455,0.7712478790683326
uPFSzm9e7yMBG7bwm,Recall Association,High,6,83.0,94.31818181818183,73.67045454545455,1.2802714792534322
uys88LZBBagxEEsbr,Recall Association,Medium,6,59.0,100.0,70.64406779661017,1.4155470249520152
v5K6XHECntLnNj8MB,Recall Association,High,3,68.0,77.27272727272727,48.92045454545454,1.5795586527293846
vP7P25ZDGQ5XXpzZ5,Recall Association,Medium,6,32.0,54.23728813559322,70.64406779661017,0.7677543186180421
vbvw4DNeuXqxTzdNN,Recall Association,Medium,3,45.0,76.27118644067797,47.83050847457627,1.5946137491141035
vfGJwDQSqjAPRa4xZ,Recall Association,Low,6,17.0,56.666666666666664,80.9,0.7004532344458178
w3QosrmJpmrEErzZN,Recall Association,High,3,27.0,30.681818181818183,48.92045454545454,0.6271777003484321
wGBuuFEb69tSMmkjj,Recall Association,Medium,3,33.0,55.932203389830505,47.83050847457627,1.1693834160170091
wgobzjdiJoGPSkcJw,Recall Association,Low,6,20.0,66.66666666666666,80.9,0.8240626287597855
wo6B8Qti3ykigiffv,Recall Association,Low,3,29.0,96.66666666666667,58.43333333333333,1.654306902452938
xDjfoE5pjk84mKxaf,Recall Association,High,3,44.0,50.0,48.92045454545454,1.0220673635307782
xHXuE9kuoS3PSZ8jd,Recall Association,Low,3,10.0,33.33333333333333,58.43333333333333,0.5704506560182544
xYehdXG34oxoM3May,Recall Association,Low,6,23.0,76.66666666666667,80.9,0.9476720230737536
y6vaeiuFujzPzQ4wh,Recall Association,Medium,3,49.0,83.05084745762711,47.83050847457627,1.7363571934798014
yde4ndxyTABufHsTP,Recall Association,High,3,38.0,43.18181818181818,48.92045454545454,0.8826945412311267
ywqwREPuPa3YechnE,Recall Association,Low,6,24.0,80.0,80.9,0.9888751545117428
zGmDikfM2NNtKGeeR,Recall Association,High,3,66.0,75.0,48.92045454545454,1.5331010452961675
zuu73AuczYh84fnL4,Recall Association,Medium,6,19.0,32.20338983050847,70.64406779661017,0.4558541266794625
